Time [ns]	X (Q6.10)	X (Decimal)	Y (Q6.10)	Y (Decimal)
245	65280	-0.250000	 5117	4.997070
475	65025	-0.499023	 5091	4.971680
705	64772	-0.746094	 5046	4.927734
935	64522	-0.990234	 4983	4.866211
1165	64275	-1.231445	 4903	4.788086
1395	64032	-1.468750	 4807	4.694336
1625	63795	-1.700195	 4696	4.585938
1855	63564	-1.925781	 4571	4.463867
2085	63339	-2.145508	 4434	4.330078
2315	63121	-2.358398	 4286	4.185547
2545	62911	-2.563477	 4130	4.033203
2775	62709	-2.760742	 3967	3.874023
3005	62515	-2.950195	 3800	3.710938
3235	62329	-3.131836	 3629	3.543945
3465	62152	-3.304688	 3456	3.375000
3695	61984	-3.468750	 3281	3.204102
3925	61824	-3.625000	 3104	3.031250
4155	61673	-3.772461	 2923	2.854492
4385	61531	-3.911133	 2738	2.673828
4615	61399	-4.040039	 2547	2.487305
4845	61276	-4.160156	 2348	2.292969
5075	61164	-4.269531	 2140	2.089844
5305	61062	-4.369141	 1921	1.875977
5535	60971	-4.458008	 1691	1.651367
5765	60892	-4.535156	 1451	1.416992
5995	60825	-4.600586	 1202	1.173828
6225	60771	-4.653320	  947	0.924805
6455	60730	-4.693359	  690	0.673828
6685	60702	-4.720703	  434	0.423828
6915	60686	-4.736328	  182	0.177734
7145	60683	-4.739258	65472	-0.062500
7375	60692	-4.730469	65232	-0.296875
7605	60713	-4.709961	64998	-0.525391
7835	60745	-4.678711	64768	-0.750000
8065	60788	-4.636719	64540	-0.972656
8295	60843	-4.583008	64312	-1.195312
8525	60909	-4.518555	64083	-1.418945
8755	60987	-4.442383	63852	-1.644531
8985	61076	-4.355469	63619	-1.872070
9215	61177	-4.256836	63385	-2.100586
9445	61289	-4.147461	63152	-2.328125
9675	61413	-4.026367	62923	-2.551758
9905	61548	-3.894531	62701	-2.768555
10135	61694	-3.751953	62490	-2.974609
10365	61850	-3.599609	62291	-3.168945
10595	62016	-3.437500	62106	-3.349609
10825	62191	-3.266602	61936	-3.515625
11055	62374	-3.087891	61780	-3.667969
11285	62564	-2.902344	61639	-3.805664
11515	62761	-2.709961	61511	-3.930664
11745	62964	-2.511719	61395	-4.043945
11975	63172	-2.308594	61291	-4.145508
12205	63385	-2.100586	61197	-4.237305
12435	63603	-1.887695	61113	-4.319336
12665	63825	-1.670898	61038	-4.392578
12895	64050	-1.451172	60971	-4.458008
13125	64278	-1.228516	60912	-4.515625
13355	64509	-1.002930	60861	-4.565430
13585	64742	-0.775391	60818	-4.607422
13815	64977	-0.545898	60782	-4.642578
14045	65214	-0.314453	60754	-4.669922
14275	65452	-0.082031	60733	-4.690430
14505	  155	0.151367	60720	-4.703125
14735	  395	0.385742	60715	-4.708008
14965	  635	0.620117	60718	-4.705078
15195	  874	0.853516	60729	-4.694336
15425	 1113	1.086914	60748	-4.675781
15655	 1350	1.318359	60776	-4.648438
15885	 1586	1.548828	60813	-4.612305
16115	 1820	1.777344	60859	-4.567383
16345	 2051	2.002930	60915	-4.512695
16575	 2279	2.225586	60981	-4.448242
16805	 2504	2.445312	61058	-4.373047
17035	 2724	2.660156	61147	-4.286133
17265	 2940	2.871094	61248	-4.187500
17495	 3150	3.076172	61362	-4.076172
17725	 3354	3.275391	61490	-3.951172
17955	 3552	3.468750	61633	-3.811523
18185	 3742	3.654297	61791	-3.657227
18415	 3924	3.832031	61965	-3.487305
18645	 4097	4.000977	62155	-3.301758
18875	 4260	4.160156	62360	-3.101562
19105	 4412	4.308594	62578	-2.888672
19335	 4553	4.446289	62807	-2.665039
19565	 4683	4.573242	63044	-2.433594
19795	 4801	4.688477	63285	-2.198242
20025	 4907	4.791992	63528	-1.960938
20255	 5000	4.882812	63770	-1.724609
20485	 5081	4.961914	64010	-1.490234
20715	 5151	5.030273	64249	-1.256836
20945	 5209	5.086914	64488	-1.023438
21175	 5255	5.131836	64728	-0.789062
21405	 5289	5.165039	64972	-0.550781
21635	 5310	5.185547	65222	-0.306641
21865	 5319	5.194336	65478	-0.056641
22095	 5315	5.190430	  205	0.200195
22325	 5298	5.173828	  473	0.461914
22555	 5267	5.143555	  744	0.726562
22785	 5223	5.100586	 1014	0.990234
23015	 5165	5.043945	 1280	1.250000
23245	 5094	4.974609	 1538	1.501953
23475	 5011	4.893555	 1786	1.744141
23705	 4915	4.799805	 2024	1.976562
23935	 4808	4.695312	 2252	2.199219
24165	 4690	4.580078	 2471	2.413086
24395	 4561	4.454102	 2684	2.621094
24625	 4422	4.318359	 2892	2.824219
24855	 4272	4.171875	 3097	3.024414
25085	 4112	4.015625	 3299	3.221680
25315	 3942	3.849609	 3499	3.416992
25545	 3762	3.673828	 3697	3.610352
25775	 3572	3.488281	 3891	3.799805
26005	 3373	3.293945	 4080	3.984375
26235	 3165	3.090820	 4261	4.161133
26465	 2948	2.878906	 4431	4.327148
26695	 2723	2.659180	 4589	4.481445
26925	 2490	2.431641	 4732	4.621094
27155	 2250	2.197266	 4858	4.744141
27385	 2005	1.958008	 4967	4.850586
27615	 1755	1.713867	 5058	4.939453
27845	 1501	1.465820	 5131	5.010742
28075	 1243	1.213867	 5185	5.063477
28305	  983	0.959961	 5221	5.098633
28535	  722	0.705078	 5239	5.116211
28765	  460	0.449219	 5239	5.116211
28995	  199	0.194336	 5221	5.098633
29225	65475	-0.059570	 5186	5.064453
29455	65217	-0.311523	 5133	5.012695
29685	64962	-0.560547	 5064	4.945312
29915	64711	-0.805664	 4978	4.861328
30145	64465	-1.045898	 4877	4.762695
30375	64224	-1.281250	 4761	4.649414
30605	63989	-1.510742	 4632	4.523438
30835	63761	-1.733398	 4491	4.385742
31065	63540	-1.949219	 4340	4.238281
31295	63327	-2.157227	 4181	4.083008
31525	63122	-2.357422	 4016	3.921875
31755	62926	-2.548828	 3847	3.756836
31985	62738	-2.732422	 3675	3.588867
32215	62559	-2.907227	 3502	3.419922
32445	62388	-3.074219	 3327	3.249023
32675	62226	-3.232422	 3151	3.077148
32905	62073	-3.381836	 2973	2.903320
33135	61929	-3.522461	 2792	2.726562
33365	61794	-3.654297	 2606	2.544922
33595	61668	-3.777344	 2413	2.356445
33825	61552	-3.890625	 2212	2.160156
34055	61446	-3.994141	 2002	1.955078
34285	61351	-4.086914	 1781	1.739258
34515	61267	-4.168945	 1550	1.513672
34745	61195	-4.239258	 1310	1.279297
34975	61135	-4.297852	 1064	1.039062
35205	61088	-4.343750	  814	0.794922
35435	61053	-4.377930	  564	0.550781
35665	61031	-4.399414	  317	0.309570
35895	61021	-4.409180	   75	0.073242
36125	61023	-4.407227	65376	-0.156250
36355	61036	-4.394531	65147	-0.379883
36585	61061	-4.370117	64924	-0.597656
36815	61096	-4.335938	64705	-0.811523
37045	61142	-4.291016	64488	-1.023438
37275	61199	-4.235352	64271	-1.235352
37505	61267	-4.168945	64053	-1.448242
37735	61346	-4.091797	63833	-1.663086
37965	61436	-4.003906	63611	-1.879883
38195	61537	-3.905273	63389	-2.096680
38425	61649	-3.795898	63168	-2.312500
38655	61772	-3.675781	62951	-2.524414
38885	61906	-3.544922	62742	-2.728516
39115	62050	-3.404297	62542	-2.923828
39345	62203	-3.254883	62355	-3.106445
39575	62365	-3.096680	62182	-3.275391
39805	62536	-2.929688	62023	-3.430664
40035	62714	-2.755859	61879	-3.571289
40265	62899	-2.575195	61750	-3.697266
40495	63090	-2.388672	61635	-3.809570
40725	63286	-2.197266	61533	-3.909180
40955	63487	-2.000977	61443	-3.997070
41185	63692	-1.800781	61365	-4.073242
41415	63901	-1.596680	61298	-4.138672
41645	64113	-1.389648	61242	-4.193359
41875	64328	-1.179688	61196	-4.238281
42105	64545	-0.967773	61159	-4.274414
42335	64763	-0.754883	61132	-4.300781
42565	64982	-0.541016	61114	-4.318359
42795	65202	-0.326172	61105	-4.327148
43025	65422	-0.111328	61105	-4.327148
43255	  106	0.103516	61115	-4.317383
43485	  325	0.317383	61134	-4.298828
43715	  543	0.530273	61163	-4.270508
43945	  759	0.741211	61202	-4.232422
44175	  973	0.950195	61251	-4.184570
44405	 1185	1.157227	61311	-4.125977
44635	 1393	1.360352	61382	-4.056641
44865	 1597	1.559570	61465	-3.975586
45095	 1797	1.754883	61561	-3.881836
45325	 1992	1.945312	61670	-3.775391
45555	 2181	2.129883	61792	-3.656250
45785	 2364	2.308594	61928	-3.523438
46015	 2540	2.480469	62078	-3.376953
46245	 2708	2.644531	62241	-3.217773
46475	 2867	2.799805	62416	-3.046875
46705	 3017	2.946289	62602	-2.865234
46935	 3158	3.083984	62797	-2.674805
47165	 3289	3.211914	62998	-2.478516
47395	 3410	3.330078	63202	-2.279297
47625	 3521	3.438477	63407	-2.079102
47855	 3621	3.536133	63611	-1.879883
48085	 3711	3.624023	63813	-1.682617
48315	 3791	3.702148	64012	-1.488281
48545	 3861	3.770508	64208	-1.296875
48775	 3922	3.830078	64403	-1.106445
49005	 3973	3.879883	64598	-0.916016
49235	 4014	3.919922	64794	-0.724609
49465	 4046	3.951172	64994	-0.529297
49695	 4067	3.971680	65198	-0.330078
49925	 4078	3.982422	65408	-0.125000
50155	 4079	3.983398	   88	0.085938
50385	 4069	3.973633	  309	0.301758
50615	 4048	3.953125	  534	0.521484
50845	 4015	3.920898	  760	0.742188
51075	 3971	3.877930	  984	0.960938
51305	 3916	3.824219	 1203	1.174805
51535	 3850	3.759766	 1415	1.381836
51765	 3774	3.685547	 1617	1.579102
51995	 3688	3.601562	 1808	1.765625
52225	 3593	3.508789	 1989	1.942383
52455	 3489	3.407227	 2159	2.108398
52685	 3377	3.297852	 2320	2.265625
52915	 3257	3.180664	 2472	2.414062
53145	 3130	3.056641	 2617	2.555664
53375	 2996	2.925781	 2757	2.692383
53605	 2855	2.788086	 2892	2.824219
53835	 2707	2.643555	 3024	2.953125
54065	 2553	2.493164	 3153	3.079102
54295	 2392	2.335938	 3279	3.202148
54525	 2225	2.172852	 3403	3.323242
54755	 2052	2.003906	 3524	3.441406
54985	 1873	1.829102	 3642	3.556641
55215	 1688	1.648438	 3756	3.667969
55445	 1498	1.462891	 3865	3.774414
55675	 1302	1.271484	 3968	3.875000
55905	 1101	1.075195	 4063	3.967773
56135	  896	0.875000	 4149	4.051758
56365	  687	0.670898	 4225	4.125977
56595	  474	0.462891	 4291	4.190430
56825	  258	0.251953	 4345	4.243164
57055	   40	0.039062	 4386	4.283203
57285	65356	-0.175781	 4414	4.310547
57515	65135	-0.391602	 4429	4.325195
57745	64914	-0.607422	 4431	4.327148
57975	64693	-0.823242	 4419	4.315430
58205	64473	-1.038086	 4394	4.291016
58435	64254	-1.251953	 4357	4.254883
58665	64038	-1.462891	 4308	4.207031
58895	63824	-1.671875	 4247	4.147461
59125	63614	-1.876953	 4176	4.078125
59355	63407	-2.079102	 4096	4.000000
59585	63205	-2.276367	 4007	3.913086
59815	63007	-2.469727	 3910	3.818359
60045	62814	-2.658203	 3807	3.717773
60275	62627	-2.840820	 3698	3.611328
60505	62445	-3.018555	 3584	3.500000
60735	62269	-3.190430	 3465	3.383789
60965	62099	-3.356445	 3342	3.263672
61195	61935	-3.516602	 3215	3.139648
61425	61778	-3.669922	 3083	3.010742
61655	61627	-3.817383	 2945	2.875977
61885	61483	-3.958008	 2801	2.735352
62115	61347	-4.090820	 2649	2.586914
62345	61218	-4.216797	 2488	2.429688
62575	61098	-4.333984	 2317	2.262695
62805	60986	-4.443359	 2135	2.084961
63035	60884	-4.542969	 1941	1.895508
63265	60792	-4.632812	 1734	1.693359
63495	60710	-4.712891	 1515	1.479492
63725	60640	-4.781250	 1285	1.254883
63955	60581	-4.838867	 1047	1.022461
64185	60534	-4.884766	  804	0.785156
64415	60500	-4.917969	  559	0.545898
64645	60478	-4.939453	  316	0.308594
64875	60468	-4.949219	   77	0.075195
65105	60470	-4.947266	65379	-0.153320
65335	60483	-4.934570	65150	-0.376953
65565	60507	-4.911133	64925	-0.596680
65795	60542	-4.876953	64703	-0.813477
66025	60588	-4.832031	64482	-1.029297
66255	60645	-4.776367	64260	-1.246094
66485	60714	-4.708984	64036	-1.464844
66715	60794	-4.630859	63809	-1.686523
66945	60885	-4.541992	63579	-1.911133
67175	60988	-4.441406	63348	-2.136719
67405	61102	-4.330078	63118	-2.361328
67635	61228	-4.207031	62892	-2.582031
67865	61365	-4.073242	62673	-2.795898
68095	61512	-3.929688	62464	-3.000000
68325	61670	-3.775391	62267	-3.192383
68555	61837	-3.612305	62084	-3.371094
68785	62013	-3.440430	61915	-3.536133
69015	62197	-3.260742	61760	-3.687500
69245	62388	-3.074219	61619	-3.825195
69475	62586	-2.880859	61490	-3.951172
69705	62790	-2.681641	61373	-4.065430
69935	63000	-2.476562	61267	-4.168945
70165	63215	-2.266602	61171	-4.262695
70395	63434	-2.052734	61084	-4.347656
70625	63657	-1.834961	61006	-4.423828
70855	63884	-1.613281	60936	-4.492188
71085	64114	-1.388672	60873	-4.553711
71315	64347	-1.161133	60818	-4.607422
71545	64583	-0.930664	60770	-4.654297
71775	64821	-0.698242	60729	-4.694336
72005	65061	-0.463867	60695	-4.727539
72235	65302	-0.228516	60668	-4.753906
72465	    8	0.007812	60648	-4.773438
72695	  251	0.245117	60636	-4.785156
72925	  495	0.483398	60631	-4.790039
73155	  739	0.721680	60634	-4.787109
73385	  982	0.958984	60645	-4.776367
73615	 1225	1.196289	60664	-4.757812
73845	 1467	1.432617	60692	-4.730469
74075	 1707	1.666992	60729	-4.694336
74305	 1945	1.899414	60775	-4.649414
74535	 2180	2.128906	60831	-4.594727
74765	 2412	2.355469	60897	-4.530273
74995	 2641	2.579102	60973	-4.456055
75225	 2866	2.798828	61060	-4.371094
75455	 3086	3.013672	61159	-4.274414
75685	 3301	3.223633	61271	-4.165039
75915	 3510	3.427734	61397	-4.041992
76145	 3712	3.625000	61537	-3.905273
76375	 3907	3.815430	61693	-3.752930
76605	 4094	3.998047	61865	-3.584961
76835	 4272	4.171875	62053	-3.401367
77065	 4440	4.335938	62256	-3.203125
77295	 4598	4.490234	62474	-2.990234
77525	 4744	4.632812	62704	-2.765625
77755	 4879	4.764648	62944	-2.531250
77985	 5002	4.884766	63190	-2.291016
78215	 5112	4.992188	63439	-2.047852
78445	 5210	5.087891	63688	-1.804688
78675	 5295	5.170898	63936	-1.562500
78905	 5368	5.242188	64183	-1.321289
79135	 5429	5.301758	64429	-1.081055
79365	 5477	5.348633	64677	-0.838867
79595	 5513	5.383789	64928	-0.593750
79825	 5536	5.406250	65185	-0.342773
80055	 5547	5.416992	65448	-0.085938
80285	 5544	5.414062	  182	0.177734
80515	 5528	5.398438	  458	0.447266
80745	 5498	5.369141	  737	0.719727
80975	 5454	5.326172	 1016	0.992188
81205	 5396	5.269531	 1290	1.259766
81435	 5325	5.200195	 1557	1.520508
81665	 5240	5.117188	 1814	1.771484
81895	 5143	5.022461	 2061	2.012695
82125	 5034	4.916016	 2298	2.244141
82355	 4913	4.797852	 2527	2.467773
82585	 4781	4.668945	 2750	2.685547
82815	 4638	4.529297	 2969	2.899414
83045	 4484	4.378906	 3185	3.110352
83275	 4319	4.217773	 3399	3.319336
83505	 4144	4.046875	 3611	3.526367
83735	 3958	3.865234	 3820	3.730469
83965	 3762	3.673828	 4024	3.929688
84195	 3556	3.472656	 4221	4.122070
84425	 3340	3.261719	 4408	4.304688
84655	 3115	3.041992	 4583	4.475586
84885	 2882	2.814453	 4744	4.632812
85115	 2641	2.579102	 4888	4.773438
85345	 2394	2.337891	 5015	4.897461
85575	 2141	2.090820	 5123	5.002930
85805	 1883	1.838867	 5213	5.090820
86035	 1621	1.583008	 5284	5.160156
86265	 1356	1.324219	 5337	5.211914
86495	 1089	1.063477	 5372	5.246094
86725	  820	0.800781	 5389	5.262695
86955	  551	0.538086	 5388	5.261719
87185	  282	0.275391	 5369	5.243164
87415	   15	0.014648	 5333	5.208008
87645	65286	-0.244141	 5280	5.156250
87875	65024	-0.500000	 5210	5.087891
88105	64766	-0.751953	 5123	5.002930
88335	64513	-0.999023	 5020	4.902344
88565	64265	-1.241211	 4901	4.786133
88795	64024	-1.476562	 4768	4.656250
89025	63790	-1.705078	 4622	4.513672
89255	63563	-1.926758	 4464	4.359375
89485	63344	-2.140625	 4297	4.196289
89715	63134	-2.345703	 4123	4.026367
89945	62933	-2.541992	 3944	3.851562
90175	62741	-2.729492	 3762	3.673828
90405	62558	-2.908203	 3578	3.494141
90635	62384	-3.078125	 3393	3.313477
90865	62219	-3.239258	 3207	3.131836
91095	62063	-3.391602	 3020	2.949219
91325	61917	-3.534180	 2830	2.763672
91555	61780	-3.667969	 2636	2.574219
91785	61653	-3.791992	 2436	2.378906
92015	61536	-3.906250	 2229	2.176758
92245	61430	-4.009766	 2012	1.964844
92475	61335	-4.102539	 1786	1.744141
92705	61251	-4.184570	 1550	1.513672
92935	61179	-4.254883	 1305	1.274414
93165	61120	-4.312500	 1054	1.029297
93395	61073	-4.358398	  799	0.780273
93625	61039	-4.391602	  545	0.532227
93855	61018	-4.412109	  294	0.287109
94085	61009	-4.420898	   49	0.047852
94315	61012	-4.417969	65347	-0.184570
94545	61027	-4.403320	65115	-0.411133
94775	61053	-4.377930	64889	-0.631836
95005	61090	-4.341797	64667	-0.848633
95235	61138	-4.294922	64447	-1.063477
95465	61197	-4.237305	64227	-1.278320
95695	61267	-4.168945	64005	-1.495117
95925	61348	-4.089844	63781	-1.713867
96155	61440	-4.000000	63556	-1.933594
96385	61544	-3.898438	63331	-2.153320
96615	61659	-3.786133	63108	-2.371094
96845	61785	-3.663086	62890	-2.583984
97075	61922	-3.529297	62680	-2.789062
97305	62069	-3.385742	62481	-2.983398
97535	62225	-3.233398	62295	-3.165039
97765	62390	-3.072266	62123	-3.333008
97995	62564	-2.902344	61966	-3.486328
98225	62745	-2.725586	61824	-3.625000
98455	62933	-2.541992	61696	-3.750000
98685	63127	-2.352539	61582	-3.861328
98915	63326	-2.158203	61481	-3.959961
99145	63530	-1.958984	61392	-4.046875
99375	63738	-1.755859	61315	-4.122070
99605	63950	-1.548828	61249	-4.186523
99835	64165	-1.338867	61193	-4.241211
100065	64382	-1.126953	61146	-4.287109
100295	64601	-0.913086	61109	-4.323242
100525	64822	-0.697266	61081	-4.350586
100755	65044	-0.480469	61062	-4.369141
100985	65267	-0.262695	61052	-4.378906
101215	65490	-0.044922	61051	-4.379883
101445	  177	0.172852	61059	-4.372070
101675	  399	0.389648	61076	-4.355469
101905	  620	0.605469	61102	-4.330078
102135	  840	0.820312	61138	-4.294922
102365	 1057	1.032227	61185	-4.249023
102595	 1272	1.242188	61242	-4.193359
102825	 1484	1.449219	61310	-4.126953
103055	 1692	1.652344	61390	-4.048828
103285	 1896	1.851562	61482	-3.958984
103515	 2095	2.045898	61587	-3.856445
103745	 2288	2.234375	61705	-3.741211
103975	 2475	2.416992	61837	-3.612305
104205	 2655	2.592773	61983	-3.469727
104435	 2828	2.761719	62143	-3.313477
104665	 2992	2.921875	62317	-3.143555
104895	 3147	3.073242	62503	-2.961914
105125	 3293	3.215820	62699	-2.770508
105355	 3429	3.348633	62903	-2.571289
105585	 3555	3.471680	63112	-2.367188
105815	 3670	3.583984	63323	-2.161133
106045	 3774	3.685547	63534	-1.955078
106275	 3868	3.777344	63743	-1.750977
106505	 3952	3.859375	63949	-1.549805
106735	 4025	3.930664	64152	-1.351562
106965	 4088	3.992188	64354	-1.154297
107195	 4141	4.043945	64555	-0.958008
107425	 4184	4.085938	64757	-0.760742
107655	 4217	4.118164	64963	-0.559570
107885	 4240	4.140625	65173	-0.354492
108115	 4252	4.152344	65389	-0.143555
108345	 4253	4.153320	   75	0.073242
108575	 4243	4.143555	  303	0.295898
108805	 4222	4.123047	  534	0.521484
109035	 4189	4.090820	  767	0.749023
109265	 4145	4.047852	  998	0.974609
109495	 4089	3.993164	 1224	1.195312
109725	 4022	3.927734	 1442	1.408203
109955	 3944	3.851562	 1651	1.612305
110185	 3856	3.765625	 1849	1.805664
110415	 3759	3.670898	 2036	1.988281
110645	 3653	3.567383	 2213	2.161133
110875	 3538	3.455078	 2381	2.325195
111105	 3415	3.334961	 2541	2.481445
111335	 3284	3.207031	 2695	2.631836
111565	 3145	3.071289	 2844	2.777344
111795	 2999	2.928711	 2989	2.918945
112025	 2846	2.779297	 3131	3.057617
112255	 2686	2.623047	 3270	3.193359
112485	 2519	2.459961	 3407	3.327148
112715	 2345	2.290039	 3541	3.458008
112945	 2165	2.114258	 3672	3.585938
113175	 1978	1.931641	 3799	3.709961
113405	 1785	1.743164	 3920	3.828125
113635	 1586	1.548828	 4035	3.940430
113865	 1382	1.349609	 4141	4.043945
114095	 1173	1.145508	 4238	4.138672
114325	  959	0.936523	 4324	4.222656
114555	  741	0.723633	 4398	4.294922
114785	  520	0.507812	 4459	4.354492
115015	  296	0.289062	 4506	4.400391
115245	   70	0.068359	 4539	4.432617
115475	65379	-0.153320	 4557	4.450195
115705	65151	-0.375977	 4561	4.454102
115935	64923	-0.598633	 4550	4.443359
116165	64696	-0.820312	 4525	4.418945
116395	64471	-1.040039	 4486	4.380859
116625	64248	-1.257812	 4434	4.330078
116855	64028	-1.472656	 4370	4.267578
117085	63812	-1.683594	 4294	4.193359
117315	63600	-1.890625	 4208	4.109375
117545	63392	-2.093750	 4113	4.016602
117775	63189	-2.291992	 4010	3.916016
118005	62991	-2.485352	 3900	3.808594
118235	62799	-2.672852	 3784	3.695312
118465	62613	-2.854492	 3663	3.577148
118695	62433	-3.030273	 3538	3.455078
118925	62259	-3.200195	 3409	3.329102
119155	62092	-3.363281	 3276	3.199219
119385	61932	-3.519531	 3139	3.065430
119615	61779	-3.668945	 2997	2.926758
119845	61633	-3.811523	 2849	2.782227
120075	61494	-3.947266	 2695	2.631836
120305	61363	-4.075195	 2533	2.473633
120535	61240	-4.195312	 2362	2.306641
120765	61126	-4.306641	 2180	2.128906
120995	61022	-4.408203	 1986	1.939453
121225	60928	-4.500000	 1780	1.738281
121455	60844	-4.582031	 1563	1.526367
121685	60771	-4.653320	 1335	1.303711
121915	60710	-4.712891	 1098	1.072266
122145	60661	-4.760742	  856	0.835938
122375	60624	-4.796875	  612	0.597656
122605	60599	-4.821289	  369	0.360352
122835	60586	-4.833984	  129	0.125977
123065	60585	-4.834961	65431	-0.102539
123295	60596	-4.824219	65202	-0.326172
123525	60618	-4.802734	64978	-0.544922
123755	60651	-4.770508	64757	-0.760742
123985	60695	-4.727539	64538	-0.974609
124215	60750	-4.673828	64319	-1.188477
124445	60816	-4.609375	64098	-1.404297
124675	60893	-4.534180	63874	-1.623047
124905	60981	-4.448242	63647	-1.844727
125135	61080	-4.351562	63418	-2.068359
125365	61191	-4.243164	63190	-2.291016
125595	61313	-4.124023	62965	-2.510742
125825	61446	-3.994141	62746	-2.724609
126055	61590	-3.853516	62536	-2.929688
126285	61744	-3.703125	62338	-3.123047
126515	61908	-3.542969	62154	-3.302734
126745	62080	-3.375000	61984	-3.468750
126975	62260	-3.199219	61828	-3.621094
127205	62448	-3.015625	61686	-3.759766
127435	62643	-2.825195	61557	-3.885742
127665	62844	-2.628906	61441	-3.999023
127895	63050	-2.427734	61336	-4.101562
128125	63261	-2.221680	61242	-4.193359
128355	63477	-2.010742	61158	-4.275391
128585	63697	-1.795898	61083	-4.348633
128815	63920	-1.578125	61016	-4.414062
129045	64146	-1.357422	60957	-4.471680
129275	64375	-1.133789	60906	-4.521484
129505	64606	-0.908203	60863	-4.563477
129735	64839	-0.680664	60827	-4.598633
129965	65074	-0.451172	60799	-4.625977
130195	65310	-0.220703	60778	-4.646484
130425	   11	0.010742	60765	-4.659180
130655	  248	0.242188	60759	-4.665039
130885	  485	0.473633	60761	-4.663086
131115	  722	0.705078	60771	-4.653320
131345	  958	0.935547	60790	-4.634766
131575	 1193	1.165039	60817	-4.608398
131805	 1427	1.393555	60853	-4.573242
132035	 1659	1.620117	60898	-4.529297
132265	 1888	1.843750	60953	-4.475586
132495	 2114	2.064453	61018	-4.412109
132725	 2337	2.282227	61094	-4.337891
132955	 2556	2.496094	61182	-4.251953
133185	 2770	2.705078	61282	-4.154297
133415	 2979	2.909180	61395	-4.043945
133645	 3182	3.107422	61522	-3.919922
133875	 3378	3.298828	61663	-3.782227
134105	 3567	3.483398	61820	-3.628906
134335	 3747	3.659180	61992	-3.460938
134565	 3919	3.827148	62180	-3.277344
134795	 4081	3.985352	62382	-3.080078
135025	 4232	4.132812	62597	-2.870117
135255	 4372	4.269531	62822	-2.650391
135485	 4501	4.395508	63054	-2.423828
135715	 4618	4.509766	63290	-2.193359
135945	 4723	4.612305	63528	-1.960938
136175	 4817	4.704102	63765	-1.729492
136405	 4899	4.784180	64000	-1.500000
136635	 4969	4.852539	64233	-1.272461
136865	 5028	4.910156	64466	-1.044922
137095	 5075	4.956055	64700	-0.816406
137325	 5110	4.990234	64938	-0.583984
137555	 5133	5.012695	65181	-0.346680
137785	 5144	5.023438	65430	-0.103516
138015	 5142	5.021484	  150	0.146484
138245	 5128	5.007812	  412	0.402344
138475	 5100	4.980469	  677	0.661133
138705	 5059	4.940430	  942	0.919922
138935	 5005	4.887695	 1203	1.174805
139165	 4938	4.822266	 1457	1.422852
139395	 4859	4.745117	 1702	1.662109
139625	 4768	4.656250	 1936	1.890625
139855	 4665	4.555664	 2160	2.109375
140085	 4551	4.444336	 2375	2.319336
140315	 4427	4.323242	 2582	2.521484
140545	 4293	4.192383	 2783	2.717773
140775	 4149	4.051758	 2980	2.910156
141005	 3995	3.901367	 3175	3.100586
141235	 3832	3.742188	 3367	3.288086
141465	 3659	3.573242	 3557	3.473633
141695	 3477	3.395508	 3745	3.657227
141925	 3285	3.208008	 3928	3.835938
142155	 3084	3.011719	 4105	4.008789
142385	 2875	2.807617	 4274	4.173828
142615	 2658	2.595703	 4432	4.328125
142845	 2433	2.375977	 4577	4.469727
143075	 2201	2.149414	 4707	4.596680
143305	 1963	1.916992	 4821	4.708008
143535	 1720	1.679688	 4918	4.802734
143765	 1472	1.437500	 4997	4.879883
143995	 1221	1.192383	 5058	4.939453
144225	  967	0.944336	 5101	4.981445
144455	  712	0.695312	 5126	5.005859
144685	  456	0.445312	 5133	5.012695
144915	  200	0.195312	 5122	5.001953
145145	65481	-0.053711	 5094	4.974609
145375	65228	-0.300781	 5049	4.930664
145605	64977	-0.545898	 4987	4.870117
145835	64730	-0.787109	 4909	4.793945
146065	64487	-1.024414	 4815	4.702148
146295	64249	-1.256836	 4707	4.596680
146525	64017	-1.483398	 4586	4.478516
146755	63791	-1.704102	 4453	4.348633
146985	63572	-1.917969	 4311	4.209961
147215	63360	-2.125000	 4161	4.063477
147445	63156	-2.324219	 4005	3.911133
147675	62960	-2.515625	 3844	3.753906
147905	62772	-2.699219	 3680	3.593750
148135	62592	-2.875000	 3514	3.431641
148365	62421	-3.041992	 3347	3.268555
148595	62258	-3.201172	 3178	3.103516
148825	62103	-3.352539	 3007	2.936523
149055	61957	-3.495117	 2833	2.766602
149285	61820	-3.628906	 2654	2.591797
149515	61692	-3.753906	 2468	2.410156
149745	61573	-3.870117	 2275	2.221680
149975	61464	-3.976562	 2072	2.023438
150205	61365	-4.073242	 1859	1.815430
150435	61277	-4.159180	 1635	1.596680
150665	61201	-4.233398	 1402	1.369141
150895	61137	-4.295898	 1161	1.133789
151125	61085	-4.346680	  915	0.893555
151355	61045	-4.385742	  667	0.651367
151585	61017	-4.413086	  421	0.411133
151815	61002	-4.427734	  179	0.174805
152045	60999	-4.430664	65479	-0.055664
152275	61007	-4.422852	65250	-0.279297
152505	61026	-4.404297	65027	-0.497070
152735	61056	-4.375000	64808	-0.710938
152965	61097	-4.334961	64592	-0.921875
153195	61149	-4.284180	64377	-1.131836
153425	61212	-4.222656	64161	-1.342773
153655	61285	-4.151367	63944	-1.554688
153885	61369	-4.069336	63725	-1.768555
154115	61464	-3.976562	63504	-1.984375
154345	61570	-3.873047	63283	-2.200195
154575	61687	-3.758789	63065	-2.413086
154805	61815	-3.633789	62853	-2.620117
155035	61953	-3.499023	62649	-2.819336
155265	62101	-3.354492	62456	-3.007812
155495	62259	-3.200195	62276	-3.183594
155725	62425	-3.038086	62110	-3.345703
155955	62599	-2.868164	61959	-3.493164
156185	62780	-2.691406	61823	-3.625977
156415	62968	-2.507812	61701	-3.745117
156645	63161	-2.319336	61593	-3.850586
156875	63359	-2.125977	61498	-3.943359
157105	63562	-1.927734	61415	-4.024414
157335	63769	-1.725586	61343	-4.094727
157565	63979	-1.520508	61282	-4.154297
157795	64192	-1.312500	61231	-4.204102
158025	64407	-1.102539	61190	-4.244141
158255	64624	-0.890625	61159	-4.274414
158485	64842	-0.677734	61137	-4.295898
158715	65061	-0.463867	61124	-4.308594
158945	65280	-0.250000	61120	-4.312500
159175	65499	-0.036133	61125	-4.307617
159405	  182	0.177734	61140	-4.292969
159635	  400	0.390625	61164	-4.269531
159865	  616	0.601562	61198	-4.236328
160095	  831	0.811523	61242	-4.193359
160325	 1043	1.018555	61297	-4.139648
160555	 1252	1.222656	61363	-4.075195
160785	 1458	1.423828	61441	-3.999023
161015	 1659	1.620117	61531	-3.911133
161245	 1856	1.812500	61634	-3.810547
161475	 2047	1.999023	61750	-3.697266
161705	 2232	2.179688	61879	-3.571289
161935	 2410	2.353516	62022	-3.431641
162165	 2581	2.520508	62179	-3.278320
162395	 2744	2.679688	62348	-3.113281
162625	 2898	2.830078	62529	-2.936523
162855	 3043	2.971680	62719	-2.750977
163085	 3178	3.103516	62916	-2.558594
163315	 3303	3.225586	63118	-2.361328
163545	 3418	3.337891	63322	-2.162109
163775	 3523	3.440430	63525	-1.963867
164005	 3618	3.533203	63726	-1.767578
164235	 3703	3.616211	63925	-1.573242
164465	 3778	3.689453	64121	-1.381836
164695	 3843	3.752930	64314	-1.193359
164925	 3899	3.807617	64507	-1.004883
165155	 3945	3.852539	64700	-0.816406
165385	 3981	3.887695	64896	-0.625000
165615	 4007	3.913086	65096	-0.429688
165845	 4023	3.928711	65301	-0.229492
166075	 4029	3.934570	65512	-0.023438
166305	 4024	3.929688	  193	0.188477
166535	 4008	3.914062	  415	0.405273
166765	 3981	3.887695	  639	0.624023
166995	 3943	3.850586	  863	0.842773
167225	 3894	3.802734	 1083	1.057617
167455	 3834	3.744141	 1297	1.266602
167685	 3764	3.675781	 1502	1.466797
167915	 3684	3.597656	 1697	1.657227
168145	 3594	3.509766	 1881	1.836914
168375	 3495	3.413086	 2055	2.006836
168605	 3388	3.308594	 2218	2.166016
168835	 3273	3.196289	 2372	2.316406
169065	 3151	3.077148	 2519	2.459961
169295	 3021	2.950195	 2659	2.596680
169525	 2885	2.817383	 2794	2.728516
169755	 2742	2.677734	 2924	2.855469
169985	 2593	2.532227	 3051	2.979492
170215	 2437	2.379883	 3175	3.100586
170445	 2275	2.221680	 3297	3.219727
170675	 2107	2.057617	 3416	3.335938
170905	 1933	1.887695	 3532	3.449219
171135	 1754	1.712891	 3645	3.559570
171365	 1569	1.532227	 3754	3.666016
171595	 1379	1.346680	 3858	3.767578
171825	 1184	1.156250	 3955	3.862305
172055	  984	0.960938	 4045	3.950195
172285	  780	0.761719	 4127	4.030273
172515	  572	0.558594	 4199	4.100586
172745	  361	0.352539	 4260	4.160156
172975	  147	0.143555	 4310	4.208984
173205	65467	-0.067383	 4348	4.246094
173435	65249	-0.280273	 4373	4.270508
173665	65030	-0.494141	 4385	4.282227
173895	64811	-0.708008	 4384	4.281250
174125	64592	-0.921875	 4370	4.267578
174355	64374	-1.134766	 4344	4.242188
174585	64158	-1.345703	 4306	4.205078
174815	63944	-1.554688	 4256	4.156250
175045	63733	-1.760742	 4196	4.097656
175275	63525	-1.963867	 4125	4.028320
175505	63321	-2.163086	 4045	3.950195
175735	63121	-2.358398	 3957	3.864258
175965	62926	-2.548828	 3862	3.771484
176195	62736	-2.734375	 3761	3.672852
176425	62551	-2.915039	 3654	3.568359
176655	62371	-3.090820	 3542	3.458984
176885	62197	-3.260742	 3425	3.344727
177115	62029	-3.424805	 3304	3.226562
177345	61867	-3.583008	 3178	3.103516
177575	61711	-3.735352	 3047	2.975586
177805	61562	-3.880859	 2910	2.841797
178035	61420	-4.019531	 2766	2.701172
178265	61285	-4.151367	 2614	2.552734
178495	61158	-4.275391	 2452	2.394531
178725	61040	-4.390625	 2280	2.226562
178955	60930	-4.498047	 2096	2.046875
179185	60830	-4.595703	 1900	1.855469
179415	60740	-4.683594	 1691	1.651367
179645	60661	-4.760742	 1470	1.435547
179875	60593	-4.827148	 1239	1.209961
180105	60537	-4.881836	 1000	0.976562
180335	60493	-4.924805	  757	0.739258
180565	60461	-4.956055	  512	0.500000
180795	60441	-4.975586	  269	0.262695
181025	60433	-4.983398	   30	0.029297
181255	60437	-4.979492	65333	-0.198242
181485	60452	-4.964844	65105	-0.420898
181715	60479	-4.938477	64881	-0.639648
181945	60517	-4.901367	64659	-0.856445
182175	60566	-4.853516	64437	-1.073242
182405	60626	-4.794922	64214	-1.291016
182635	60697	-4.725586	63988	-1.511719
182865	60779	-4.645508	63759	-1.735352
183095	60873	-4.553711	63528	-1.960938
183325	60978	-4.451172	63296	-2.187500
183555	61095	-4.336914	63065	-2.413086
183785	61223	-4.211914	62839	-2.633789
184015	61362	-4.076172	62621	-2.846680
184245	61512	-3.929688	62413	-3.049805
184475	61672	-3.773438	62218	-3.240234
184705	61841	-3.608398	62037	-3.416992
184935	62019	-3.434570	61870	-3.580078
185165	62205	-3.252930	61717	-3.729492
185395	62398	-3.064453	61578	-3.865234
185625	62598	-2.869141	61451	-3.989258
185855	62804	-2.667969	61336	-4.101562
186085	63015	-2.461914	61231	-4.204102
186315	63231	-2.250977	61136	-4.296875
186545	63452	-2.035156	61049	-4.381836
186775	63677	-1.815430	60971	-4.458008
187005	63906	-1.591797	60900	-4.527344
187235	64138	-1.365234	60837	-4.588867
187465	64373	-1.135742	60781	-4.643555
187695	64611	-0.903320	60732	-4.691406
187925	64851	-0.668945	60690	-4.732422
188155	65093	-0.432617	60655	-4.766602
188385	65336	-0.195312	60627	-4.793945
188615	   45	0.043945	60606	-4.814453
188845	  290	0.283203	60592	-4.828125
189075	  536	0.523438	60586	-4.833984
189305	  782	0.763672	60588	-4.832031
189535	 1028	1.003906	60598	-4.822266
189765	 1273	1.243164	60616	-4.804688
189995	 1517	1.481445	60643	-4.778320
190225	 1759	1.717773	60679	-4.743164
190455	 1999	1.952148	60724	-4.699219
190685	 2237	2.184570	60778	-4.646484
190915	 2472	2.414062	60842	-4.583984
191145	 2704	2.640625	60917	-4.510742
191375	 2932	2.863281	61003	-4.426758
191605	 3155	3.081055	61100	-4.332031
191835	 3373	3.293945	61210	-4.224609
192065	 3585	3.500977	61333	-4.104492
192295	 3791	3.702148	61470	-3.970703
192525	 3989	3.895508	61623	-3.821289
192755	 4179	4.081055	61792	-3.656250
192985	 4361	4.258789	61977	-3.475586
193215	 4533	4.426758	62178	-3.279297
193445	 4695	4.584961	62394	-3.068359
193675	 4845	4.731445	62624	-2.843750
193905	 4984	4.867188	62865	-2.608398
194135	 5110	4.990234	63113	-2.366211
194365	 5224	5.101562	63365	-2.120117
194595	 5325	5.200195	63618	-1.873047
194825	 5414	5.287109	63871	-1.625977
195055	 5490	5.361328	64122	-1.380859
195285	 5554	5.423828	64373	-1.135742
195515	 5605	5.473633	64625	-0.889648
195745	 5644	5.511719	64880	-0.640625
195975	 5670	5.537109	65140	-0.386719
196205	 5683	5.549805	65407	-0.125977
196435	 5682	5.548828	  145	0.141602
196665	 5667	5.534180	  425	0.415039
196895	 5638	5.505859	  709	0.692383
197125	 5595	5.463867	  992	0.968750
197355	 5538	5.408203	 1271	1.241211
197585	 5467	5.338867	 1543	1.506836
197815	 5383	5.256836	 1806	1.763672
198045	 5286	5.162109	 2058	2.009766
198275	 5177	5.055664	 2301	2.247070
198505	 5056	4.937500	 2536	2.476562
198735	 4923	4.807617	 2765	2.700195
198965	 4779	4.666992	 2990	2.919922
199195	 4624	4.515625	 3212	3.136719
199425	 4458	4.353516	 3432	3.351562
199655	 4281	4.180664	 3650	3.564453
199885	 4093	3.997070	 3865	3.774414
200115	 3895	3.803711	 4075	3.979492
200345	 3686	3.599609	 4277	4.176758
200575	 3468	3.386719	 4469	4.364258
200805	 3240	3.164062	 4648	4.539062
201035	 3004	2.933594	 4811	4.698242
201265	 2760	2.695312	 4958	4.841797
201495	 2509	2.450195	 5087	4.967773
201725	 2252	2.199219	 5197	5.075195
201955	 1990	1.943359	 5288	5.164062
202185	 1724	1.683594	 5361	5.235352
202415	 1455	1.420898	 5416	5.289062
202645	 1184	1.156250	 5453	5.325195
202875	  911	0.889648	 5472	5.343750
203105	  638	0.623047	 5474	5.345703
203335	  365	0.356445	 5458	5.330078
203565	   93	0.090820	 5425	5.297852
203795	65359	-0.172852	 5375	5.249023
204025	65092	-0.433594	 5308	5.183594
204255	64829	-0.690430	 5224	5.101562
204485	64571	-0.942383	 5124	5.003906
204715	64318	-1.189453	 5008	4.890625
204945	64071	-1.430664	 4876	4.761719
205175	63831	-1.665039	 4730	4.619141
205405	63599	-1.891602	 4572	4.464844
205635	63375	-2.110352	 4403	4.299805
205865	63159	-2.321289	 4226	4.126953
206095	62953	-2.522461	 4043	3.948242
206325	62756	-2.714844	 3856	3.765625
206555	62568	-2.898438	 3666	3.580078
206785	62390	-3.072266	 3475	3.393555
207015	62221	-3.237305	 3284	3.207031
207245	62062	-3.392578	 3092	3.019531
207475	61912	-3.539062	 2898	2.830078
207705	61772	-3.675781	 2700	2.636719
207935	61642	-3.802734	 2497	2.438477
208165	61522	-3.919922	 2287	2.233398
208395	61413	-4.026367	 2069	2.020508
208625	61315	-4.122070	 1841	1.797852
208855	61229	-4.206055	 1603	1.565430
209085	61155	-4.278320	 1356	1.324219
209315	61093	-4.338867	 1102	1.076172
209545	61044	-4.386719	  844	0.824219
209775	61008	-4.421875	  586	0.572266
210005	60985	-4.444336	  331	0.323242
210235	60974	-4.455078	   82	0.080078
210465	60976	-4.453125	65375	-0.157227
210695	60989	-4.440430	65139	-0.387695
210925	61014	-4.416016	64909	-0.612305
211155	61050	-4.380859	64683	-0.833008
211385	61098	-4.333984	64459	-1.051758
211615	61157	-4.276367	64235	-1.270508
211845	61227	-4.208008	64010	-1.490234
212075	61308	-4.128906	63783	-1.711914
212305	61400	-4.039062	63555	-1.934570
212535	61504	-3.937500	63327	-2.157227
212765	61619	-3.825195	63101	-2.377930
212995	61745	-3.702148	62880	-2.593750
213225	61882	-3.568359	62668	-2.800781
213455	62029	-3.424805	62467	-2.997070
213685	62186	-3.271484	62279	-3.180664
213915	62352	-3.109375	62105	-3.350586
214145	62527	-2.938477	61946	-3.505859
214375	62709	-2.760742	61802	-3.646484
214605	62898	-2.576172	61672	-3.773438
214835	63093	-2.385742	61556	-3.886719
215065	63293	-2.190430	61453	-3.987305
215295	63498	-1.990234	61362	-4.076172
215525	63707	-1.786133	61282	-4.154297
215755	63920	-1.578125	61213	-4.221680
215985	64136	-1.367188	61154	-4.279297
216215	64355	-1.153320	61104	-4.328125
216445	64576	-0.937500	61063	-4.368164
216675	64799	-0.719727	61031	-4.399414
216905	65024	-0.500000	61008	-4.421875
217135	65249	-0.280273	60993	-4.436523
217365	65475	-0.059570	60987	-4.442383
217595	  165	0.161133	60990	-4.439453
217825	  391	0.381836	61001	-4.428711
218055	  616	0.601562	61022	-4.408203
218285	  840	0.820312	61052	-4.378906
218515	 1062	1.037109	61092	-4.339844
218745	 1282	1.251953	61142	-4.291016
218975	 1499	1.463867	61202	-4.232422
219205	 1713	1.672852	61273	-4.163086
219435	 1923	1.877930	61356	-4.082031
219665	 2128	2.078125	61452	-3.988281
219895	 2328	2.273438	61561	-3.881836
220125	 2523	2.463867	61683	-3.762695
220355	 2711	2.647461	61820	-3.628906
220585	 2892	2.824219	61971	-3.481445
220815	 3065	2.993164	62136	-3.320312
221045	 3230	3.154297	62315	-3.145508
221275	 3385	3.305664	62506	-2.958984
221505	 3531	3.448242	62708	-2.761719
221735	 3666	3.580078	62918	-2.556641
221965	 3791	3.702148	63133	-2.346680
222195	 3905	3.813477	63350	-2.134766
222425	 4008	3.914062	63567	-1.922852
222655	 4100	4.003906	63782	-1.712891
222885	 4182	4.083984	63994	-1.505859
223115	 4253	4.153320	64204	-1.300781
223345	 4314	4.212891	64413	-1.096680
223575	 4364	4.261719	64622	-0.892578
223805	 4404	4.300781	64833	-0.686523
224035	 4433	4.329102	65048	-0.476562
224265	 4451	4.346680	65269	-0.260742
224495	 4458	4.353516	65496	-0.039062
224725	 4454	4.349609	  193	0.188477
224955	 4438	4.333984	  431	0.420898
225185	 4410	4.306641	  671	0.655273
225415	 4370	4.267578	  911	0.889648
225645	 4318	4.216797	 1147	1.120117
225875	 4255	4.155273	 1376	1.343750
226105	 4180	4.082031	 1596	1.558594
226335	 4095	3.999023	 1806	1.763672
226565	 3999	3.905273	 2005	1.958008
226795	 3894	3.802734	 2194	2.142578
227025	 3780	3.691406	 2373	2.317383
227255	 3657	3.571289	 2545	2.485352
227485	 3526	3.443359	 2710	2.646484
227715	 3386	3.306641	 2871	2.803711
227945	 3239	3.163086	 3028	2.957031
228175	 3084	3.011719	 3182	3.107422
228405	 2921	2.852539	 3334	3.255859
228635	 2751	2.686523	 3483	3.401367
228865	 2573	2.512695	 3630	3.544922
229095	 2388	2.332031	 3773	3.684570
229325	 2196	2.144531	 3911	3.819336
229555	 1997	1.950195	 4043	3.948242
229785	 1792	1.750000	 4166	4.068359
230015	 1581	1.543945	 4280	4.179688
230245	 1365	1.333008	 4382	4.279297
230475	 1144	1.117188	 4472	4.367188
230705	  919	0.897461	 4548	4.441406
230935	  690	0.673828	 4609	4.500977
231165	  459	0.448242	 4655	4.545898
231395	  226	0.220703	 4685	4.575195
231625	65528	-0.007812	 4699	4.588867
231855	65293	-0.237305	 4698	4.587891
232085	65059	-0.465820	 4681	4.571289
232315	64826	-0.693359	 4649	4.540039
232545	64595	-0.918945	 4602	4.494141
232775	64367	-1.141602	 4541	4.434570
233005	64142	-1.361328	 4467	4.362305
233235	63921	-1.577148	 4381	4.278320
233465	63705	-1.788086	 4284	4.183594
233695	63494	-1.994141	 4178	4.080078
233925	63288	-2.195312	 4064	3.968750
234155	63088	-2.390625	 3943	3.850586
234385	62894	-2.580078	 3817	3.727539
234615	62707	-2.762695	 3686	3.599609
234845	62526	-2.939453	 3551	3.467773
235075	62352	-3.109375	 3413	3.333008
235305	62185	-3.272461	 3272	3.195312
235535	62025	-3.428711	 3127	3.053711
235765	61872	-3.578125	 2978	2.908203
235995	61727	-3.719727	 2824	2.757812
236225	61590	-3.853516	 2664	2.601562
236455	61461	-3.979492	 2496	2.437500
236685	61340	-4.097656	 2319	2.264648
236915	61229	-4.206055	 2131	2.081055
237145	61127	-4.305664	 1932	1.886719
237375	61035	-4.395508	 1721	1.680664
237605	60954	-4.474609	 1499	1.463867
237835	60884	-4.542969	 1268	1.238281
238065	60826	-4.599609	 1029	1.004883
238295	60780	-4.644531	  786	0.767578
238525	60746	-4.677734	  542	0.529297
238755	60725	-4.698242	  300	0.292969
238985	60716	-4.707031	   63	0.061523
239215	60718	-4.705078	65367	-0.165039
239445	60732	-4.691406	65141	-0.385742
239675	60757	-4.666992	64920	-0.601562
239905	60793	-4.631836	64702	-0.814453
240135	60839	-4.586914	64485	-1.026367
240365	60896	-4.531250	64267	-1.239258
240595	60964	-4.464844	64048	-1.453125
240825	61043	-4.387695	63826	-1.669922
241055	61133	-4.299805	63601	-1.889648
241285	61234	-4.201172	63375	-2.110352
241515	61347	-4.090820	63150	-2.330078
241745	61471	-3.969727	62929	-2.545898
241975	61606	-3.837891	62715	-2.754883
242205	61751	-3.696289	62511	-2.954102
242435	61906	-3.544922	62319	-3.141602
242665	62070	-3.384766	62141	-3.315430
242895	62243	-3.215820	61977	-3.475586
243125	62424	-3.039062	61828	-3.621094
243355	62612	-2.855469	61693	-3.752930
243585	62806	-2.666016	61571	-3.872070
243815	63006	-2.470703	61462	-3.978516
244045	63211	-2.270508	61364	-4.074219
244275	63421	-2.065430	61277	-4.159180
244505	63635	-1.856445	61200	-4.234375
244735	63852	-1.644531	61133	-4.299805
244965	64072	-1.429688	61075	-4.356445
245195	64295	-1.211914	61025	-4.405273
245425	64520	-0.992188	60983	-4.446289
245655	64747	-0.770508	60950	-4.478516
245885	64976	-0.546875	60924	-4.503906
246115	65206	-0.322266	60906	-4.521484
246345	65436	-0.097656	60896	-4.531250
246575	  131	0.127930	60895	-4.532227
246805	  362	0.353516	60902	-4.525391
247035	  592	0.578125	60917	-4.510742
247265	  821	0.801758	60941	-4.487305
247495	 1049	1.024414	60974	-4.455078
247725	 1275	1.245117	61017	-4.413086
247955	 1498	1.462891	61070	-4.361328
248185	 1718	1.677734	61133	-4.299805
248415	 1935	1.889648	61207	-4.227539
248645	 2148	2.097656	61292	-4.144531
248875	 2357	2.301758	61390	-4.048828
249105	 2560	2.500000	61501	-3.940430
249335	 2758	2.693359	61626	-3.818359
249565	 2949	2.879883	61765	-3.682617
249795	 3133	3.059570	61919	-3.532227
250025	 3309	3.231445	62087	-3.368164
250255	 3476	3.394531	62270	-3.189453
250485	 3633	3.547852	62466	-2.998047
250715	 3780	3.691406	62673	-2.795898
250945	 3917	3.825195	62889	-2.584961
251175	 4043	3.948242	63110	-2.369141
251405	 4158	4.060547	63334	-2.150391
251635	 4262	4.162109	63559	-1.930664
251865	 4354	4.251953	63782	-1.712891
252095	 4435	4.331055	64003	-1.497070
252325	 4505	4.399414	64222	-1.283203
252555	 4565	4.458008	64440	-1.070312
252785	 4614	4.505859	64658	-0.857422
253015	 4652	4.542969	64879	-0.641602
253245	 4679	4.569336	65105	-0.420898
253475	 4694	4.583984	65336	-0.195312
253705	 4698	4.587891	   38	0.037109
253935	 4690	4.580078	  282	0.275391
254165	 4669	4.559570	  530	0.517578
254395	 4636	4.527344	  780	0.761719
254625	 4590	4.482422	 1028	1.003906
254855	 4532	4.425781	 1270	1.240234
255085	 4462	4.357422	 1504	1.468750
255315	 4381	4.278320	 1729	1.688477
255545	 4289	4.188477	 1943	1.897461
255775	 4187	4.088867	 2146	2.095703
256005	 4075	3.979492	 2340	2.285156
256235	 3953	3.860352	 2526	2.466797
256465	 3822	3.732422	 2705	2.641602
256695	 3682	3.595703	 2880	2.812500
256925	 3534	3.451172	 3051	2.979492
257155	 3377	3.297852	 3219	3.143555
257385	 3212	3.136719	 3385	3.305664
257615	 3039	2.967773	 3549	3.465820
257845	 2858	2.791016	 3710	3.623047
258075	 2669	2.606445	 3866	3.775391
258305	 2472	2.414062	 4017	3.922852
258535	 2268	2.214844	 4160	4.062500
258765	 2057	2.008789	 4294	4.193359
258995	 1839	1.795898	 4416	4.312500
259225	 1616	1.578125	 4525	4.418945
259455	 1388	1.355469	 4620	4.511719
259685	 1155	1.127930	 4700	4.589844
259915	  919	0.897461	 4764	4.652344
260145	  680	0.664062	 4811	4.698242
260375	  439	0.428711	 4841	4.727539
260605	  197	0.192383	 4854	4.740234
260835	65491	-0.043945	 4850	4.736328
261065	65249	-0.280273	 4830	4.716797
261295	65009	-0.514648	 4794	4.681641
261525	64771	-0.747070	 4742	4.630859
261755	64536	-0.976562	 4675	4.565430
261985	64305	-1.202148	 4594	4.486328
262215	64078	-1.423828	 4500	4.394531
262445	63856	-1.640625	 4395	4.291992
262675	63639	-1.852539	 4279	4.178711
262905	63428	-2.058594	 4155	4.057617
263135	63224	-2.257812	 4024	3.929688
263365	63026	-2.451172	 3887	3.795898
263595	62835	-2.637695	 3746	3.658203
263825	62651	-2.817383	 3602	3.517578
264055	62475	-2.989258	 3455	3.374023
264285	62306	-3.154297	 3305	3.227539
264515	62145	-3.311523	 3152	3.078125
264745	61991	-3.461914	 2996	2.925781
264975	61845	-3.604492	 2836	2.769531
265205	61707	-3.739258	 2670	2.607422
265435	61578	-3.865234	 2497	2.438477
265665	61458	-3.982422	 2315	2.260742
265895	61347	-4.090820	 2123	2.073242
266125	61246	-4.189453	 1920	1.875000
266355	61155	-4.278320	 1706	1.666016
266585	61075	-4.356445	 1482	1.447266
266815	61006	-4.423828	 1248	1.218750
267045	60949	-4.479492	 1008	0.984375
267275	60904	-4.523438	  764	0.746094
267505	60872	-4.554688	  520	0.507812
267735	60852	-4.574219	  279	0.272461
267965	60844	-4.582031	   43	0.041992
268195	60847	-4.579102	65349	-0.182617
268425	60861	-4.565430	65124	-0.402344
268655	60887	-4.540039	64904	-0.617188
268885	60923	-4.504883	64687	-0.829102
269115	60970	-4.458984	64472	-1.039062
269345	61028	-4.402344	64256	-1.250000
269575	61097	-4.334961	64039	-1.461914
269805	61176	-4.257812	63819	-1.676758
270035	61266	-4.169922	63597	-1.893555
270265	61368	-4.070312	63374	-2.111328
270495	61481	-3.959961	63152	-2.328125
270725	61605	-3.838867	62934	-2.541016
270955	61739	-3.708008	62724	-2.746094
271185	61884	-3.566406	62523	-2.942383
271415	62038	-3.416016	62334	-3.126953
271645	62202	-3.255859	62159	-3.297852
271875	62374	-3.087891	61999	-3.454102
272105	62553	-2.913086	61853	-3.596680
272335	62739	-2.731445	61721	-3.725586
272565	62932	-2.542969	61603	-3.840820
272795	63130	-2.349609	61498	-3.943359
273025	63333	-2.151367	61405	-4.034180
273255	63540	-1.949219	61323	-4.114258
273485	63751	-1.743164	61252	-4.183594
273715	63966	-1.533203	61191	-4.243164
273945	64183	-1.321289	61139	-4.293945
274175	64403	-1.106445	61096	-4.335938
274405	64625	-0.889648	61062	-4.369141
274635	64848	-0.671875	61037	-4.393555
274865	65072	-0.453125	61020	-4.410156
275095	65297	-0.233398	61012	-4.417969
275325	65522	-0.013672	61012	-4.417969
275555	  211	0.206055	61021	-4.409180
275785	  435	0.424805	61039	-4.391602
276015	  658	0.642578	61066	-4.365234
276245	  879	0.858398	61103	-4.329102
276475	 1098	1.072266	61150	-4.283203
276705	 1315	1.284180	61207	-4.227539
276935	 1529	1.493164	61275	-4.161133
277165	 1739	1.698242	61354	-4.083984
277395	 1945	1.899414	61446	-3.994141
277625	 2146	2.095703	61550	-3.892578
277855	 2341	2.286133	61668	-3.777344
278085	 2530	2.470703	61800	-3.648438
278315	 2712	2.648438	61946	-3.505859
278545	 2886	2.818359	62106	-3.349609
278775	 3052	2.980469	62279	-3.180664
279005	 3209	3.133789	62465	-2.999023
279235	 3357	3.278320	62661	-2.807617
279465	 3495	3.413086	62866	-2.607422
279695	 3622	3.537109	63076	-2.402344
279925	 3739	3.651367	63289	-2.194336
280155	 3845	3.754883	63503	-1.985352
280385	 3940	3.847656	63715	-1.778320
280615	 4025	3.930664	63924	-1.574219
280845	 4100	4.003906	64131	-1.372070
281075	 4164	4.066406	64336	-1.171875
281305	 4218	4.119141	64540	-0.972656
281535	 4262	4.162109	64746	-0.771484
281765	 4296	4.195312	64955	-0.567383
281995	 4319	4.217773	65169	-0.358398
282225	 4331	4.229492	65388	-0.144531
282455	 4332	4.230469	   78	0.076172
282685	 4322	4.220703	  309	0.301758
282915	 4300	4.199219	  544	0.531250
283145	 4267	4.166992	  780	0.761719
283375	 4222	4.123047	 1014	0.990234
283605	 4165	4.067383	 1243	1.213867
283835	 4097	4.000977	 1464	1.429688
284065	 4018	3.923828	 1675	1.635742
284295	 3929	3.836914	 1875	1.831055
284525	 3830	3.740234	 2064	2.015625
284755	 3722	3.634766	 2243	2.190430
284985	 3605	3.520508	 2414	2.357422
285215	 3480	3.398438	 2577	2.516602
285445	 3347	3.268555	 2734	2.669922
285675	 3206	3.130859	 2886	2.818359
285905	 3058	2.986328	 3035	2.963867
286135	 2903	2.834961	 3181	3.106445
286365	 2740	2.675781	 3325	3.247070
286595	 2570	2.509766	 3466	3.384766
286825	 2393	2.336914	 3604	3.519531
287055	 2210	2.158203	 3739	3.651367
287285	 2020	1.972656	 3869	3.778320
287515	 1824	1.781250	 3993	3.899414
287745	 1622	1.583984	 4109	4.012695
287975	 1414	1.380859	 4216	4.117188
288205	 1201	1.172852	 4313	4.211914
288435	  983	0.959961	 4398	4.294922
288665	  762	0.744141	 4470	4.365234
288895	  537	0.524414	 4528	4.421875
289125	  310	0.302734	 4572	4.464844
289355	   81	0.079102	 4601	4.493164
289585	65387	-0.145508	 4615	4.506836
289815	65157	-0.370117	 4614	4.505859
290045	64927	-0.594727	 4598	4.490234
290275	64698	-0.818359	 4567	4.459961
290505	64471	-1.040039	 4522	4.416016
290735	64247	-1.258789	 4464	4.359375
290965	64026	-1.474609	 4393	4.290039
291195	63809	-1.686523	 4311	4.209961
291425	63596	-1.894531	 4219	4.120117
291655	63388	-2.097656	 4117	4.020508
291885	63185	-2.295898	 4008	3.914062
292115	62988	-2.488281	 3892	3.800781
292345	62797	-2.674805	 3771	3.682617
292575	62612	-2.855469	 3645	3.559570
292805	62433	-3.030273	 3515	3.432617
293035	62261	-3.198242	 3382	3.302734
293265	62095	-3.360352	 3245	3.168945
293495	61936	-3.515625	 3104	3.031250
293725	61784	-3.664062	 2958	2.888672
293955	61640	-3.804688	 2807	2.741211
294185	61504	-3.937500	 2649	2.586914
294415	61376	-4.062500	 2483	2.424805
294645	61256	-4.179688	 2307	2.252930
294875	61145	-4.288086	 2120	2.070312
295105	61044	-4.386719	 1922	1.876953
295335	60953	-4.475586	 1712	1.671875
295565	60873	-4.553711	 1490	1.455078
295795	60804	-4.621094	 1258	1.228516
296025	60747	-4.676758	 1019	0.995117
296255	60702	-4.720703	  776	0.757812
296485	60669	-4.752930	  532	0.519531
296715	60648	-4.773438	  290	0.283203
296945	60639	-4.782227	   52	0.050781
297175	60642	-4.779297	65356	-0.175781
297405	60656	-4.765625	65129	-0.397461
297635	60681	-4.741211	64907	-0.614258
297865	60717	-4.706055	64688	-0.828125
298095	60764	-4.660156	64470	-1.041016
298325	60822	-4.603516	64251	-1.254883
298555	60891	-4.536133	64030	-1.470703
298785	60971	-4.458008	63806	-1.689453
299015	61062	-4.369141	63580	-1.910156
299245	61165	-4.268555	63353	-2.131836
299475	61279	-4.157227	63127	-2.352539
299705	61404	-4.035156	62905	-2.569336
299935	61540	-3.902344	62690	-2.779297
300165	61686	-3.759766	62485	-2.979492
300395	61842	-3.607422	62292	-3.167969
300625	62008	-3.445312	62113	-3.342773
300855	62182	-3.275391	61948	-3.503906
301085	62364	-3.097656	61798	-3.650391
301315	62553	-2.913086	61661	-3.784180
301545	62749	-2.721680	61538	-3.904297
301775	62951	-2.524414	61427	-4.012695
302005	63158	-2.322266	61327	-4.110352
302235	63369	-2.116211	61238	-4.197266
302465	63585	-1.905273	61159	-4.274414
302695	63804	-1.691406	61089	-4.342773
302925	64027	-1.473633	61027	-4.403320
303155	64252	-1.253906	60974	-4.455078
303385	64480	-1.031250	60929	-4.499023
303615	64710	-0.806641	60891	-4.536133
303845	64942	-0.580078	60861	-4.565430
304075	65175	-0.352539	60839	-4.586914
304305	65409	-0.124023	60824	-4.601562
304535	  107	0.104492	60817	-4.608398
304765	  342	0.333984	60818	-4.607422
304995	  576	0.562500	60827	-4.598633
305225	  810	0.791016	60844	-4.582031
305455	 1043	1.018555	60870	-4.556641
305685	 1274	1.244141	60905	-4.522461
305915	 1503	1.467773	60950	-4.478516
306145	 1730	1.689453	61004	-4.425781
306375	 1954	1.908203	61069	-4.362305
306605	 2174	2.123047	61145	-4.288086
306835	 2390	2.333984	61232	-4.203125
307065	 2602	2.541016	61331	-4.106445
307295	 2808	2.742188	61443	-3.997070
307525	 3008	2.937500	61569	-3.874023
307755	 3202	3.126953	61710	-3.736328
307985	 3388	3.308594	61866	-3.583984
308215	 3566	3.482422	62037	-3.416992
308445	 3735	3.647461	62223	-3.235352
308675	 3895	3.803711	62423	-3.040039
308905	 4044	3.949219	62635	-2.833008
309135	 4183	4.084961	62856	-2.617188
309365	 4310	4.208984	63084	-2.394531
309595	 4426	4.322266	63316	-2.167969
309825	 4530	4.423828	63548	-1.941406
310055	 4623	4.514648	63779	-1.715820
310285	 4704	4.593750	64008	-1.492188
310515	 4774	4.662109	64235	-1.270508
310745	 4833	4.719727	64462	-1.048828
310975	 4880	4.765625	64690	-0.826172
311205	 4916	4.800781	64921	-0.600586
311435	 4940	4.824219	65156	-0.371094
311665	 4952	4.835938	65398	-0.134766
311895	 4952	4.835938	  110	0.107422
312125	 4940	4.824219	  364	0.355469
312355	 4915	4.799805	  622	0.607422
312585	 4877	4.762695	  880	0.859375
312815	 4826	4.712891	 1135	1.108398
313045	 4763	4.651367	 1384	1.351562
313275	 4687	4.577148	 1624	1.585938
313505	 4600	4.492188	 1854	1.810547
313735	 4502	4.396484	 2073	2.024414
313965	 4393	4.290039	 2282	2.228516
314195	 4274	4.173828	 2483	2.424805
314425	 4145	4.047852	 2677	2.614258
314655	 4006	3.912109	 2866	2.798828
314885	 3858	3.767578	 3052	2.980469
315115	 3701	3.614258	 3235	3.159180
315345	 3535	3.452148	 3416	3.335938
315575	 3360	3.281250	 3595	3.510742
315805	 3176	3.101562	 3771	3.682617
316035	 2983	2.913086	 3942	3.849609
316265	 2782	2.716797	 4107	4.010742
316495	 2573	2.512695	 4263	4.163086
316725	 2356	2.300781	 4408	4.304688
316955	 2132	2.082031	 4541	4.434570
317185	 1902	1.857422	 4659	4.549805
317415	 1667	1.627930	 4761	4.649414
317645	 1427	1.393555	 4847	4.733398
317875	 1183	1.155273	 4916	4.800781
318105	  936	0.914062	 4967	4.850586
318335	  687	0.670898	 5000	4.882812
318565	  437	0.426758	 5015	4.897461
318795	  187	0.182617	 5013	4.895508
319025	65473	-0.061523	 4993	4.875977
319255	65225	-0.303711	 4956	4.839844
319485	64979	-0.543945	 4903	4.788086
319715	64736	-0.781250	 4834	4.720703
319945	64497	-1.014648	 4750	4.638672
320175	64262	-1.244141	 4652	4.542969
320405	64032	-1.468750	 4541	4.434570
320635	63808	-1.687500	 4419	4.315430
320865	63591	-1.899414	 4287	4.186523
321095	63380	-2.105469	 4147	4.049805
321325	63176	-2.304688	 4000	3.906250
321555	62980	-2.496094	 3849	3.758789
321785	62792	-2.679688	 3694	3.607422
322015	62611	-2.856445	 3537	3.454102
322245	62438	-3.025391	 3378	3.298828
322475	62273	-3.186523	 3217	3.141602
322705	62116	-3.339844	 3053	2.981445
322935	61968	-3.484375	 2886	2.818359
323165	61828	-3.621094	 2714	2.650391
323395	61697	-3.749023	 2536	2.476562
323625	61575	-3.868164	 2350	2.294922
323855	61462	-3.978516	 2155	2.104492
324085	61359	-4.079102	 1950	1.904297
324315	61267	-4.168945	 1734	1.693359
324545	61186	-4.248047	 1508	1.472656
324775	61116	-4.316406	 1273	1.243164
325005	61058	-4.373047	 1031	1.006836
325235	61012	-4.417969	  785	0.766602
325465	60979	-4.450195	  539	0.526367
325695	60958	-4.470703	  296	0.289062
325925	60949	-4.479492	   58	0.056641
326155	60951	-4.477539	65363	-0.168945
326385	60965	-4.463867	65138	-0.388672
326615	60990	-4.439453	64918	-0.603516
326845	61026	-4.404297	64702	-0.814453
327075	61072	-4.359375	64487	-1.024414
327305	61129	-4.303711	64272	-1.234375
327535	61197	-4.237305	64056	-1.445312
327765	61276	-4.160156	63838	-1.658203
327995	61365	-4.073242	63618	-1.873047
328225	61466	-3.974609	63397	-2.088867
328455	61578	-3.865234	63177	-2.303711
328685	61700	-3.746094	62961	-2.514648
328915	61833	-3.616211	62752	-2.718750
329145	61976	-3.476562	62552	-2.914062
329375	62129	-3.327148	62364	-3.097656
329605	62291	-3.168945	62190	-3.267578
329835	62461	-3.002930	62030	-3.423828
330065	62639	-2.829102	61885	-3.565430
330295	62824	-2.648438	61755	-3.692383
330525	63015	-2.461914	61639	-3.805664
330755	63211	-2.270508	61536	-3.906250
330985	63412	-2.074219	61445	-3.995117
331215	63617	-1.874023	61366	-4.072266
331445	63826	-1.669922	61298	-4.138672
331675	64038	-1.462891	61240	-4.195312
331905	64253	-1.252930	61192	-4.242188
332135	64470	-1.041016	61154	-4.279297
332365	64689	-0.827148	61125	-4.307617
332595	64909	-0.612305	61105	-4.327148
332825	65130	-0.396484	61094	-4.337891
333055	65351	-0.180664	61092	-4.339844
333285	   36	0.035156	61099	-4.333008
333515	  256	0.250000	61116	-4.316406
333745	  475	0.463867	61142	-4.291016
333975	  693	0.676758	61178	-4.255859
334205	  909	0.887695	61224	-4.210938
334435	 1122	1.095703	61281	-4.155273
334665	 1332	1.300781	61349	-4.088867
334895	 1538	1.501953	61428	-4.011719
335125	 1740	1.699219	61520	-3.921875
335355	 1937	1.891602	61624	-3.820312
335585	 2129	2.079102	61742	-3.705078
335815	 2314	2.259766	61873	-3.577148
336045	 2492	2.433594	62018	-3.435547
336275	 2663	2.600586	62177	-3.280273
336505	 2826	2.759766	62349	-3.112305
336735	 2980	2.910156	62532	-2.933594
336965	 3124	3.050781	62725	-2.745117
337195	 3259	3.182617	62925	-2.549805
337425	 3384	3.304688	63129	-2.350586
337655	 3498	3.416016	63335	-2.149414
337885	 3602	3.517578	63541	-1.948242
338115	 3696	3.609375	63745	-1.749023
338345	 3780	3.691406	63946	-1.552734
338575	 3854	3.763672	64144	-1.359375
338805	 3918	3.826172	64340	-1.167969
339035	 3972	3.878906	64535	-0.977539
339265	 4016	3.921875	64731	-0.786133
339495	 4051	3.956055	64930	-0.591797
339725	 4076	3.980469	65134	-0.392578
339955	 4090	3.994141	65343	-0.188477
340185	 4094	3.998047	   22	0.021484
340415	 4087	3.991211	  243	0.237305
340645	 4069	3.973633	  468	0.457031
340875	 4040	3.945312	  695	0.678711
341105	 3999	3.905273	  921	0.899414
341335	 3947	3.854492	 1143	1.116211
341565	 3884	3.792969	 1358	1.326172
341795	 3811	3.721680	 1564	1.527344
342025	 3728	3.640625	 1759	1.717773
342255	 3635	3.549805	 1943	1.897461
342485	 3533	3.450195	 2117	2.067383
342715	 3423	3.342773	 2281	2.227539
342945	 3305	3.227539	 2436	2.378906
343175	 3179	3.104492	 2584	2.523438
343405	 3046	2.974609	 2726	2.662109
343635	 2906	2.837891	 2863	2.795898
343865	 2760	2.695312	 2996	2.925781
344095	 2607	2.545898	 3126	3.052734
344325	 2448	2.390625	 3254	3.177734
344555	 2282	2.228516	 3379	3.299805
344785	 2110	2.060547	 3502	3.419922
345015	 1932	1.886719	 3622	3.537109
345245	 1748	1.707031	 3738	3.650391
345475	 1558	1.521484	 3849	3.758789
345705	 1363	1.331055	 3954	3.861328
345935	 1163	1.135742	 4052	3.957031
346165	  958	0.935547	 4141	4.043945
346395	  749	0.731445	 4220	4.121094
346625	  536	0.523438	 4288	4.187500
346855	  320	0.312500	 4344	4.242188
347085	  102	0.099609	 4388	4.285156
347315	65418	-0.115234	 4419	4.315430
347545	65197	-0.331055	 4437	4.333008
347775	64975	-0.547852	 4441	4.336914
348005	64753	-0.764648	 4432	4.328125
348235	64532	-0.980469	 4410	4.306641
348465	64313	-1.194336	 4375	4.272461
348695	64096	-1.406250	 4328	4.226562
348925	63881	-1.616211	 4269	4.168945
349155	63669	-1.823242	 4200	4.101562
349385	63461	-2.026367	 4121	4.024414
349615	63257	-2.225586	 4033	3.938477
349845	63058	-2.419922	 3937	3.844727
350075	62864	-2.609375	 3835	3.745117
350305	62675	-2.793945	 3727	3.639648
350535	62492	-2.972656	 3613	3.528320
350765	62314	-3.146484	 3495	3.413086
350995	62142	-3.314453	 3372	3.292969
351225	61977	-3.475586	 3245	3.168945
351455	61818	-3.630859	 3113	3.040039
351685	61666	-3.779297	 2976	2.906250
351915	61521	-3.920898	 2833	2.766602
352145	61383	-4.055664	 2682	2.619141
352375	61253	-4.182617	 2523	2.463867
352605	61131	-4.301758	 2354	2.298828
352835	61018	-4.412109	 2174	2.123047
353065	60914	-4.513672	 1982	1.935547
353295	60820	-4.605469	 1778	1.736328
353525	60736	-4.687500	 1561	1.524414
353755	60663	-4.758789	 1333	1.301758
353985	60602	-4.818359	 1097	1.071289
354215	60553	-4.866211	  855	0.834961
354445	60516	-4.902344	  611	0.596680
354675	60491	-4.926758	  367	0.358398
354905	60478	-4.939453	  127	0.124023
355135	60477	-4.940430	65428	-0.105469
355365	60488	-4.929688	65198	-0.330078
355595	60510	-4.908203	64973	-0.549805
355825	60543	-4.875977	64751	-0.766602
356055	60587	-4.833008	64530	-0.982422
356285	60642	-4.779297	64308	-1.199219
356515	60708	-4.714844	64084	-1.417969
356745	60785	-4.639648	63857	-1.639648
356975	60874	-4.552734	63628	-1.863281
357205	60974	-4.455078	63397	-2.088867
357435	61086	-4.345703	63166	-2.314453
357665	61209	-4.225586	62939	-2.536133
357895	61343	-4.094727	62718	-2.751953
358125	61488	-3.953125	62507	-2.958008
358355	61643	-3.801758	62307	-3.153320
358585	61808	-3.640625	62121	-3.334961
358815	61982	-3.470703	61949	-3.502930
359045	62164	-3.292969	61791	-3.657227
359275	62354	-3.107422	61647	-3.797852
359505	62551	-2.915039	61516	-3.925781
359735	62754	-2.716797	61397	-4.041992
359965	62962	-2.513672	61289	-4.147461
360195	63176	-2.304688	61191	-4.243164
360425	63394	-2.091797	61102	-4.330078
360655	63616	-1.875000	61022	-4.408203
360885	63842	-1.654297	60950	-4.478516
361115	64072	-1.429688	60886	-4.541016
361345	64305	-1.202148	60829	-4.596680
361575	64540	-0.972656	60779	-4.645508
361805	64778	-0.740234	60736	-4.687500
362035	65018	-0.505859	60700	-4.722656
362265	65259	-0.270508	60671	-4.750977
362495	65501	-0.034180	60650	-4.771484
362725	  208	0.203125	60636	-4.785156
362955	  452	0.441406	60630	-4.791016
363185	  696	0.679688	60631	-4.790039
363415	  940	0.917969	60641	-4.780273
363645	 1183	1.155273	60659	-4.762695
363875	 1425	1.391602	60685	-4.737305
364105	 1665	1.625977	60720	-4.703125
364335	 1903	1.858398	60764	-4.660156
364565	 2139	2.088867	60818	-4.607422
364795	 2372	2.316406	60882	-4.544922
365025	 2602	2.541016	60956	-4.472656
365255	 2828	2.761719	61041	-4.389648
365485	 3049	2.977539	61138	-4.294922
365715	 3265	3.188477	61248	-4.187500
365945	 3475	3.393555	61371	-4.067383
366175	 3679	3.592773	61508	-3.933594
366405	 3875	3.784180	61661	-3.784180
366635	 4063	3.967773	61829	-3.620117
366865	 4243	4.143555	62014	-3.439453
367095	 4413	4.309570	62215	-3.243164
367325	 4573	4.465820	62430	-3.033203
367555	 4722	4.611328	62658	-2.810547
367785	 4859	4.745117	62897	-2.577148
368015	 4984	4.867188	63142	-2.337891
368245	 5097	4.977539	63391	-2.094727
368475	 5197	5.075195	63641	-1.850586
368705	 5285	5.161133	63890	-1.607422
368935	 5360	5.234375	64137	-1.366211
369165	 5423	5.295898	64383	-1.125977
369395	 5474	5.345703	64630	-0.884766
369625	 5512	5.382812	64880	-0.640625
369855	 5538	5.408203	65135	-0.391602
370085	 5551	5.420898	65397	-0.135742
370315	 5551	5.420898	  130	0.126953
370545	 5537	5.407227	  405	0.395508
370775	 5509	5.379883	  684	0.667969
371005	 5467	5.338867	  963	0.940430
371235	 5412	5.285156	 1239	1.209961
371465	 5343	5.217773	 1507	1.471680
371695	 5261	5.137695	 1766	1.724609
371925	 5166	5.044922	 2015	1.967773
372155	 5059	4.940430	 2254	2.201172
372385	 4940	4.824219	 2484	2.425781
372615	 4810	4.697266	 2708	2.644531
372845	 4669	4.559570	 2927	2.858398
373075	 4517	4.411133	 3143	3.069336
373305	 4355	4.252930	 3357	3.278320
373535	 4182	4.083984	 3569	3.485352
373765	 3998	3.904297	 3779	3.690430
373995	 3804	3.714844	 3984	3.890625
374225	 3600	3.515625	 4183	4.084961
374455	 3386	3.306641	 4373	4.270508
374685	 3163	3.088867	 4551	4.444336
374915	 2932	2.863281	 4714	4.603516
375145	 2693	2.629883	 4861	4.747070
375375	 2447	2.389648	 4991	4.874023
375605	 2195	2.143555	 5103	4.983398
375835	 1938	1.892578	 5196	5.074219
376065	 1677	1.637695	 5271	5.147461
376295	 1412	1.378906	 5328	5.203125
376525	 1145	1.118164	 5366	5.240234
376755	  877	0.856445	 5386	5.259766
376985	  608	0.593750	 5388	5.261719
377215	  339	0.331055	 5373	5.247070
377445	   71	0.069336	 5341	5.215820
377675	65341	-0.190430	 5291	5.166992
377905	65078	-0.447266	 5224	5.101562
378135	64819	-0.700195	 5141	5.020508
378365	64565	-0.948242	 5041	4.922852
378595	64316	-1.191406	 4926	4.810547
378825	64073	-1.428711	 4796	4.683594
379055	63837	-1.659180	 4653	4.543945
379285	63608	-1.882812	 4498	4.392578
379515	63387	-2.098633	 4333	4.231445
379745	63175	-2.305664	 4160	4.062500
379975	62972	-2.503906	 3982	3.888672
380205	62778	-2.693359	 3800	3.710938
380435	62593	-2.874023	 3617	3.532227
380665	62417	-3.045898	 3432	3.351562
380895	62250	-3.208984	 3247	3.170898
381125	62092	-3.363281	 3060	2.988281
381355	61944	-3.507812	 2871	2.803711
381585	61805	-3.643555	 2678	2.615234
381815	61676	-3.769531	 2480	2.421875
382045	61557	-3.885742	 2274	2.220703
382275	61448	-3.992188	 2059	2.010742
382505	61350	-4.087891	 1835	1.791992
382735	61264	-4.171875	 1601	1.563477
382965	61190	-4.244141	 1358	1.326172
383195	61128	-4.304688	 1108	1.082031
383425	61079	-4.352539	  854	0.833984
383655	61042	-4.388672	  599	0.584961
383885	61018	-4.412109	  347	0.338867
384115	61006	-4.423828	  100	0.097656
384345	61007	-4.422852	65396	-0.136719
384575	61019	-4.411133	65163	-0.364258
384805	61043	-4.387695	64936	-0.585938
385035	61078	-4.353516	64713	-0.803711
385265	61124	-4.308594	64492	-1.019531
385495	61181	-4.252930	64272	-1.234375
385725	61249	-4.186523	64050	-1.451172
385955	61328	-4.109375	63827	-1.668945
386185	61418	-4.021484	63602	-1.888672
386415	61519	-3.922852	63377	-2.108398
386645	61632	-3.812500	63153	-2.327148
386875	61756	-3.691406	62934	-2.541016
387105	61890	-3.560547	62722	-2.748047
387335	62035	-3.418945	62521	-2.944336
387565	62189	-3.268555	62332	-3.128906
387795	62353	-3.108398	62157	-3.299805
388025	62525	-2.940430	61997	-3.456055
388255	62705	-2.764648	61852	-3.597656
388485	62891	-2.583008	61722	-3.724609
388715	63083	-2.395508	61606	-3.837891
388945	63281	-2.202148	61503	-3.938477
389175	63484	-2.003906	61412	-4.027344
389405	63691	-1.801758	61333	-4.104492
389635	63902	-1.595703	61265	-4.170898
389865	64116	-1.386719	61207	-4.227539
390095	64332	-1.175781	61159	-4.274414
390325	64551	-0.961914	61120	-4.312500
390555	64771	-0.747070	61090	-4.341797
390785	64993	-0.530273	61069	-4.362305
391015	65215	-0.313477	61057	-4.374023
391245	65438	-0.095703	61054	-4.376953
391475	  125	0.122070	61060	-4.371094
391705	  347	0.338867	61075	-4.356445
391935	  568	0.554688	61100	-4.332031
392165	  788	0.769531	61135	-4.297852
392395	 1006	0.982422	61180	-4.253906
392625	 1221	1.192383	61235	-4.200195
392855	 1433	1.399414	61301	-4.135742
393085	 1642	1.603516	61379	-4.059570
393315	 1846	1.802734	61469	-3.971680
393545	 2046	1.998047	61572	-3.871094
393775	 2240	2.187500	61688	-3.757812
394005	 2428	2.371094	61818	-3.630859
394235	 2609	2.547852	61962	-3.490234
394465	 2783	2.717773	62120	-3.335938
394695	 2948	2.878906	62291	-3.168945
394925	 3105	3.032227	62474	-2.990234
395155	 3252	3.175781	62668	-2.800781
395385	 3389	3.309570	62870	-2.603516
395615	 3516	3.433594	63077	-2.401367
395845	 3633	3.547852	63287	-2.196289
396075	 3739	3.651367	63497	-1.991211
396305	 3835	3.745117	63706	-1.787109
396535	 3920	3.828125	63912	-1.585938
396765	 3995	3.901367	64115	-1.387695
396995	 4060	3.964844	64316	-1.191406
397225	 4115	4.018555	64517	-0.995117
397455	 4160	4.062500	64719	-0.797852
397685	 4195	4.096680	64923	-0.598633
397915	 4220	4.121094	65132	-0.394531
398145	 4234	4.134766	65347	-0.184570
398375	 4237	4.137695	   32	0.031250
398605	 4229	4.129883	  258	0.251953
398835	 4210	4.111328	  488	0.476562
399065	 4179	4.081055	  720	0.703125
399295	 4137	4.040039	  951	0.928711
399525	 4083	3.987305	 1177	1.149414
399755	 4018	3.923828	 1396	1.363281
399985	 3943	3.850586	 1606	1.568359
400215	 3857	3.766602	 1805	1.762695
400445	 3762	3.673828	 1993	1.946289
400675	 3658	3.572266	 2171	2.120117
400905	 3545	3.461914	 2340	2.285156
401135	 3424	3.343750	 2501	2.442383
401365	 3295	3.217773	 2655	2.592773
401595	 3158	3.083984	 2803	2.737305
401825	 3014	2.943359	 2947	2.877930
402055	 2863	2.795898	 3088	3.015625
402285	 2705	2.641602	 3226	3.150391
402515	 2540	2.480469	 3362	3.283203
402745	 2369	2.313477	 3495	3.413086
402975	 2191	2.139648	 3625	3.540039
403205	 2007	1.959961	 3752	3.664062
403435	 1817	1.774414	 3874	3.783203
403665	 1621	1.583008	 3989	3.895508
403895	 1419	1.385742	 4097	4.000977
404125	 1212	1.183594	 4196	4.097656
404355	 1000	0.976562	 4285	4.184570
404585	  784	0.765625	 4362	4.259766
404815	  564	0.550781	 4426	4.322266
405045	  342	0.333984	 4477	4.372070
405275	  117	0.114258	 4514	4.408203
405505	65427	-0.106445	 4537	4.430664
405735	65200	-0.328125	 4545	4.438477
405965	64973	-0.549805	 4539	4.432617
406195	64747	-0.770508	 4519	4.413086
406425	64522	-0.990234	 4485	4.379883
406655	64299	-1.208008	 4438	4.333984
406885	64079	-1.422852	 4378	4.275391
407115	63862	-1.634766	 4307	4.206055
407345	63649	-1.842773	 4225	4.125977
407575	63440	-2.046875	 4134	4.037109
407805	63236	-2.246094	 4034	3.939453
408035	63037	-2.440430	 3927	3.834961
408265	62844	-2.628906	 3814	3.724609
408495	62656	-2.812500	 3696	3.609375
408725	62474	-2.990234	 3573	3.489258
408955	62299	-3.161133	 3446	3.365234
409185	62130	-3.326172	 3315	3.237305
409415	61968	-3.484375	 3180	3.105469
409645	61813	-3.635742	 3040	2.968750
409875	61665	-3.780273	 2895	2.827148
410105	61524	-3.917969	 2744	2.679688
410335	61391	-4.047852	 2585	2.524414
410565	61266	-4.169922	 2417	2.360352
410795	61149	-4.284180	 2239	2.186523
411025	61042	-4.388672	 2050	2.001953
411255	60944	-4.484375	 1849	1.805664
411485	60857	-4.569336	 1636	1.597656
411715	60780	-4.644531	 1411	1.377930
411945	60715	-4.708008	 1177	1.149414
412175	60662	-4.759766	  936	0.914062
412405	60621	-4.799805	  692	0.675781
412635	60592	-4.828125	  448	0.437500
412865	60575	-4.844727	  207	0.202148
413095	60570	-4.849609	65507	-0.028320
413325	60577	-4.842773	65276	-0.253906
413555	60595	-4.825195	65050	-0.474609
413785	60624	-4.796875	64828	-0.691406
414015	60664	-4.757812	64608	-0.906250
414245	60715	-4.708008	64388	-1.121094
414475	60777	-4.647461	64167	-1.336914
414705	60850	-4.576172	63944	-1.554688
414935	60934	-4.494141	63718	-1.775391
415165	61030	-4.400391	63490	-1.998047
415395	61137	-4.295898	63261	-2.221680
415625	61255	-4.180664	63034	-2.443359
415855	61385	-4.053711	62813	-2.659180
416085	61525	-3.916992	62600	-2.867188
416315	61676	-3.769531	62398	-3.064453
416545	61837	-3.612305	62209	-3.249023
416775	62007	-3.446289	62034	-3.419922
417005	62185	-3.272461	61873	-3.577148
417235	62371	-3.090820	61726	-3.720703
417465	62564	-2.902344	61593	-3.850586
417695	62763	-2.708008	61473	-3.967773
417925	62968	-2.507812	61364	-4.074219
418155	63178	-2.302734	61266	-4.169922
418385	63392	-2.093750	61178	-4.255859
418615	63611	-1.879883	61099	-4.333008
418845	63833	-1.663086	61029	-4.401367
419075	64059	-1.442383	60967	-4.461914
419305	64288	-1.218750	60913	-4.514648
419535	64519	-0.993164	60867	-4.559570
419765	64752	-0.765625	60828	-4.597656
419995	64987	-0.536133	60797	-4.627930
420225	65223	-0.305664	60773	-4.651367
420455	65460	-0.074219	60756	-4.667969
420685	  162	0.158203	60747	-4.676758
420915	  400	0.390625	60746	-4.677734
421145	  638	0.623047	60753	-4.670898
421375	  875	0.854492	60768	-4.656250
421605	 1111	1.084961	60791	-4.633789
421835	 1346	1.314453	60823	-4.602539
422065	 1579	1.541992	60864	-4.562500
422295	 1810	1.767578	60915	-4.512695
422525	 2038	1.990234	60976	-4.453125
422755	 2263	2.209961	61047	-4.383789
422985	 2484	2.425781	61129	-4.303711
423215	 2701	2.637695	61223	-4.211914
423445	 2913	2.844727	61330	-4.107422
423675	 3119	3.045898	61450	-3.990234
423905	 3319	3.241211	61584	-3.859375
424135	 3512	3.429688	61733	-3.713867
424365	 3697	3.610352	61898	-3.552734
424595	 3873	3.782227	62078	-3.376953
424825	 4040	3.945312	62273	-3.186523
425055	 4197	4.098633	62482	-2.982422
425285	 4343	4.241211	62703	-2.766602
425515	 4478	4.373047	62933	-2.541992
425745	 4601	4.493164	63169	-2.311523
425975	 4712	4.601562	63408	-2.078125
426205	 4812	4.699219	63647	-1.844727
426435	 4900	4.785156	63884	-1.613281
426665	 4976	4.859375	64119	-1.383789
426895	 5040	4.921875	64353	-1.155273
427125	 5093	4.973633	64588	-0.925781
427355	 5134	5.013672	64825	-0.694336
427585	 5163	5.041992	65066	-0.458984
427815	 5180	5.058594	65313	-0.217773
428045	 5184	5.062500	   31	0.030273
428275	 5176	5.054688	  292	0.285156
428505	 5154	5.033203	  557	0.543945
428735	 5119	4.999023	  824	0.804688
428965	 5071	4.952148	 1089	1.063477
429195	 5010	4.892578	 1348	1.316406
429425	 4936	4.820312	 1599	1.561523
429655	 4850	4.736328	 1839	1.795898
429885	 4752	4.640625	 2069	2.020508
430115	 4643	4.534180	 2289	2.235352
430345	 4523	4.416992	 2501	2.442383
430575	 4393	4.290039	 2706	2.642578
430805	 4253	4.153320	 2907	2.838867
431035	 4103	4.006836	 3104	3.031250
431265	 3943	3.850586	 3299	3.221680
431495	 3773	3.684570	 3492	3.410156
431725	 3594	3.509766	 3683	3.596680
431955	 3405	3.325195	 3870	3.779297
432185	 3207	3.131836	 4052	3.957031
432415	 3000	2.929688	 4226	4.126953
432645	 2785	2.719727	 4390	4.287109
432875	 2562	2.501953	 4542	4.435547
433105	 2332	2.277344	 4679	4.569336
433335	 2095	2.045898	 4800	4.687500
433565	 1853	1.809570	 4904	4.789062
433795	 1606	1.568359	 4991	4.874023
434025	 1355	1.323242	 5060	4.941406
434255	 1101	1.075195	 5110	4.990234
434485	  845	0.825195	 5142	5.021484
434715	  588	0.574219	 5156	5.035156
434945	  331	0.323242	 5152	5.031250
435175	   74	0.072266	 5130	5.009766
435405	65355	-0.176758	 5091	4.971680
435635	65102	-0.423828	 5035	4.916992
435865	64852	-0.667969	 4963	4.846680
436095	64606	-0.908203	 4875	4.760742
436325	64365	-1.143555	 4772	4.660156
436555	64130	-1.373047	 4655	4.545898
436785	63901	-1.596680	 4526	4.419922
437015	63678	-1.814453	 4386	4.283203
437245	63463	-2.024414	 4238	4.138672
437475	63255	-2.227539	 4083	3.987305
437705	63055	-2.422852	 3922	3.830078
437935	62863	-2.610352	 3758	3.669922
438165	62679	-2.790039	 3592	3.507812
438395	62504	-2.960938	 3424	3.343750
438625	62337	-3.124023	 3255	3.178711
438855	62179	-3.278320	 3084	3.011719
439085	62029	-3.424805	 2910	2.841797
439315	61888	-3.562500	 2732	2.667969
439545	61756	-3.691406	 2549	2.489258
439775	61633	-3.811523	 2358	2.302734
440005	61520	-3.921875	 2158	2.107422
440235	61417	-4.022461	 1949	1.903320
440465	61325	-4.112305	 1729	1.688477
440695	61244	-4.191406	 1499	1.463867
440925	61175	-4.258789	 1260	1.230469
441155	61118	-4.314453	 1015	0.991211
441385	61073	-4.358398	  767	0.749023
441615	61040	-4.390625	  519	0.506836
441845	61020	-4.410156	  275	0.268555
442075	61012	-4.417969	   36	0.035156
442305	61016	-4.414062	65340	-0.191406
442535	61031	-4.399414	65114	-0.412109
442765	61057	-4.374023	64894	-0.626953
442995	61094	-4.337891	64677	-0.838867
443225	61142	-4.291016	64462	-1.048828
443455	61200	-4.234375	64247	-1.258789
443685	61269	-4.166992	64030	-1.470703
443915	61349	-4.088867	63811	-1.684570
444145	61440	-4.000000	63590	-1.900391
444375	61542	-3.900391	63369	-2.116211
444605	61655	-3.790039	63150	-2.330078
444835	61779	-3.668945	62935	-2.540039
445065	61913	-3.538086	62727	-2.743164
445295	62057	-3.397461	62529	-2.936523
445525	62211	-3.247070	62344	-3.117188
445755	62374	-3.087891	62172	-3.285156
445985	62545	-2.920898	62015	-3.438477
446215	62724	-2.746094	61873	-3.577148
446445	62909	-2.565430	61745	-3.702148
446675	63100	-2.378906	61631	-3.813477
446905	63297	-2.186523	61531	-3.911133
447135	63498	-1.990234	61443	-3.997070
447365	63703	-1.790039	61367	-4.071289
447595	63912	-1.585938	61302	-4.134766
447825	64124	-1.378906	61247	-4.188477
448055	64338	-1.169922	61203	-4.231445
448285	64554	-0.958984	61168	-4.265625
448515	64772	-0.746094	61143	-4.290039
448745	64991	-0.532227	61127	-4.305664
448975	65210	-0.318359	61120	-4.312500
449205	65429	-0.104492	61122	-4.310547
449435	  112	0.109375	61134	-4.298828
449665	  330	0.322266	61155	-4.278320
449895	  547	0.534180	61186	-4.248047
450125	  762	0.744141	61227	-4.208008
450355	  975	0.952148	61278	-4.158203
450585	 1185	1.157227	61340	-4.097656
450815	 1392	1.359375	61414	-4.025391
451045	 1595	1.557617	61500	-3.941406
451275	 1793	1.750977	61599	-3.844727
451505	 1986	1.939453	61711	-3.735352
451735	 2173	2.122070	61836	-3.613281
451965	 2353	2.297852	61975	-3.477539
452195	 2526	2.466797	62127	-3.329102
452425	 2691	2.627930	62292	-3.167969
452655	 2848	2.781250	62469	-2.995117
452885	 2996	2.925781	62656	-2.812500
453115	 3134	3.060547	62851	-2.622070
453345	 3262	3.185547	63052	-2.425781
453575	 3380	3.300781	63255	-2.227539
453805	 3488	3.406250	63459	-2.028320
454035	 3586	3.501953	63661	-1.831055
454265	 3674	3.587891	63860	-1.636719
454495	 3752	3.664062	64056	-1.445312
454725	 3820	3.730469	64250	-1.255859
454955	 3879	3.788086	64443	-1.067383
455185	 3928	3.835938	64636	-0.878906
455415	 3967	3.874023	64831	-0.688477
455645	 3997	3.903320	65029	-0.495117
455875	 4017	3.922852	65232	-0.296875
456105	 4027	3.932617	65441	-0.092773
456335	 4026	3.931641	  120	0.117188
456565	 4014	3.919922	  340	0.332031
456795	 3991	3.897461	  563	0.549805
457025	 3957	3.864258	  787	0.768555
457255	 3912	3.820312	 1009	0.985352
457485	 3856	3.765625	 1225	1.196289
457715	 3789	3.700195	 1433	1.399414
457945	 3712	3.625000	 1632	1.593750
458175	 3625	3.540039	 1820	1.777344
458405	 3529	3.446289	 1997	1.950195
458635	 3425	3.344727	 2164	2.113281
458865	 3313	3.235352	 2321	2.266602
459095	 3193	3.118164	 2470	2.412109
459325	 3066	2.994141	 2612	2.550781
459555	 2932	2.863281	 2748	2.683594
459785	 2791	2.725586	 2880	2.812500
460015	 2644	2.582031	 3008	2.937500
460245	 2491	2.432617	 3133	3.059570
460475	 2331	2.276367	 3255	3.178711
460705	 2165	2.114258	 3375	3.295898
460935	 1993	1.946289	 3492	3.410156
461165	 1816	1.773438	 3606	3.521484
461395	 1633	1.594727	 3716	3.628906
461625	 1445	1.411133	 3821	3.731445
461855	 1252	1.222656	 3921	3.829102
462085	 1054	1.029297	 4014	3.919922
462315	  851	0.831055	 4099	4.002930
462545	  644	0.628906	 4174	4.076172
462775	  434	0.423828	 4239	4.139648
463005	  221	0.215820	 4293	4.192383
463235	    5	0.004883	 4335	4.233398
463465	65324	-0.207031	 4364	4.261719
463695	65106	-0.419922	 4381	4.278320
463925	64887	-0.633789	 4385	4.282227
464155	64668	-0.847656	 4376	4.273438
464385	64450	-1.060547	 4354	4.251953
464615	64233	-1.272461	 4320	4.218750
464845	64018	-1.482422	 4274	4.173828
465075	63806	-1.689453	 4217	4.118164
465305	63597	-1.893555	 4150	4.052734
465535	63392	-2.093750	 4074	3.978516
465765	63191	-2.290039	 3989	3.895508
465995	62994	-2.482422	 3897	3.805664
466225	62802	-2.669922	 3798	3.708984
466455	62615	-2.852539	 3693	3.606445
466685	62433	-3.030273	 3583	3.499023
466915	62257	-3.202148	 3468	3.386719
467145	62087	-3.368164	 3349	3.270508
467375	61923	-3.528320	 3225	3.149414
467605	61765	-3.682617	 3096	3.023438
467835	61614	-3.830078	 2961	2.891602
468065	61469	-3.971680	 2820	2.753906
468295	61332	-4.105469	 2671	2.608398
468525	61202	-4.232422	 2513	2.454102
468755	61080	-4.351562	 2345	2.290039
468985	60967	-4.461914	 2166	2.115234
469215	60863	-4.563477	 1975	1.928711
469445	60769	-4.655273	 1771	1.729492
469675	60686	-4.736328	 1555	1.518555
469905	60614	-4.806641	 1328	1.296875
470135	60553	-4.866211	 1092	1.066406
470365	60504	-4.914062	  850	0.830078
470595	60467	-4.950195	  606	0.591797
470825	60442	-4.974609	  362	0.353516
471055	60429	-4.987305	  122	0.119141
471285	60428	-4.988281	65423	-0.110352
471515	60439	-4.977539	65193	-0.334961
471745	60461	-4.956055	64967	-0.555664
471975	60494	-4.923828	64744	-0.773438
472205	60538	-4.880859	64522	-0.990234
472435	60594	-4.826172	64300	-1.207031
472665	60661	-4.760742	64075	-1.426758
472895	60739	-4.684570	63847	-1.649414
473125	60828	-4.597656	63617	-1.874023
473355	60929	-4.499023	63385	-2.100586
473585	61041	-4.389648	63153	-2.327148
473815	61165	-4.268555	62925	-2.549805
474045	61300	-4.136719	62703	-2.766602
474275	61446	-3.994141	62491	-2.973633
474505	61602	-3.841797	62291	-3.168945
474735	61768	-3.679688	62104	-3.351562
474965	61943	-3.508789	61931	-3.520508
475195	62126	-3.330078	61773	-3.674805
475425	62317	-3.143555	61628	-3.816406
475655	62515	-2.950195	61496	-3.945312
475885	62719	-2.750977	61376	-4.062500
476115	62929	-2.545898	61267	-4.168945
476345	63144	-2.335938	61168	-4.265625
476575	63363	-2.122070	61078	-4.353516
476805	63587	-1.903320	60996	-4.433594
477035	63815	-1.680664	60922	-4.505859
477265	64046	-1.455078	60856	-4.570312
477495	64280	-1.226562	60797	-4.627930
477725	64517	-0.995117	60745	-4.678711
477955	64756	-0.761719	60700	-4.722656
478185	64997	-0.526367	60662	-4.759766
478415	65240	-0.289062	60631	-4.790039
478645	65484	-0.050781	60607	-4.813477
478875	  193	0.188477	60590	-4.830078
479105	  439	0.428711	60581	-4.838867
479335	  685	0.668945	60580	-4.839844
479565	  931	0.909180	60587	-4.833008
479795	 1177	1.149414	60602	-4.818359
480025	 1422	1.388672	60625	-4.795898
480255	 1665	1.625977	60657	-4.764648
480485	 1907	1.862305	60698	-4.724609
480715	 2146	2.095703	60748	-4.675781
480945	 2383	2.327148	60808	-4.617188
481175	 2616	2.554688	60878	-4.548828
481405	 2846	2.779297	60959	-4.469727
481635	 3071	2.999023	61051	-4.379883
481865	 3291	3.213867	61156	-4.277344
482095	 3506	3.423828	61273	-4.163086
482325	 3715	3.627930	61404	-4.035156
482555	 3917	3.825195	61550	-3.892578
482785	 4111	4.014648	61712	-3.734375
483015	 4297	4.196289	61890	-3.560547
483245	 4473	4.368164	62084	-3.371094
483475	 4639	4.530273	62294	-3.166016
483705	 4795	4.682617	62519	-2.946289
483935	 4939	4.823242	62756	-2.714844
484165	 5071	4.952148	63002	-2.474609
484395	 5191	5.069336	63253	-2.229492
484625	 5298	5.173828	63507	-1.981445
484855	 5392	5.265625	63761	-1.733398
485085	 5474	5.345703	64013	-1.487305
485315	 5543	5.413086	64264	-1.242188
485545	 5600	5.468750	64516	-0.996094
485775	 5644	5.511719	64770	-0.748047
486005	 5675	5.541992	65028	-0.496094
486235	 5693	5.559570	65292	-0.238281
486465	 5698	5.564453	   28	0.027344
486695	 5689	5.555664	  306	0.298828
486925	 5666	5.533203	  589	0.575195
487155	 5629	5.497070	  874	0.853516
487385	 5578	5.447266	 1156	1.128906
487615	 5513	5.383789	 1432	1.398438
487845	 5434	5.306641	 1699	1.659180
488075	 5342	5.216797	 1956	1.910156
488305	 5238	5.115234	 2203	2.151367
488535	 5122	5.001953	 2442	2.384766
488765	 4994	4.876953	 2674	2.611328
488995	 4855	4.741211	 2901	2.833008
489225	 4704	4.593750	 3125	3.051758
489455	 4542	4.435547	 3347	3.268555
489685	 4369	4.266602	 3567	3.483398
489915	 4185	4.086914	 3785	3.696289
490145	 3991	3.897461	 3998	3.904297
490375	 3786	3.697266	 4205	4.106445
490605	 3571	3.487305	 4402	4.298828
490835	 3346	3.267578	 4587	4.479492
491065	 3113	3.040039	 4757	4.645508
491295	 2872	2.804688	 4911	4.795898
491525	 2623	2.561523	 5047	4.928711
491755	 2368	2.312500	 5165	5.043945
491985	 2108	2.058594	 5264	5.140625
492215	 1843	1.799805	 5345	5.219727
492445	 1575	1.538086	 5407	5.280273
492675	 1304	1.273438	 5451	5.323242
492905	 1031	1.006836	 5478	5.349609
493135	  757	0.739258	 5487	5.358398
493365	  483	0.471680	 5479	5.350586
493595	  210	0.205078	 5453	5.325195
493825	65475	-0.059570	 5410	5.283203
494055	65206	-0.322266	 5350	5.224609
494285	64941	-0.581055	 5273	5.149414
494515	64680	-0.835938	 5180	5.058594
494745	64424	-1.085938	 5071	4.952148
494975	64174	-1.330078	 4946	4.830078
495205	63930	-1.568359	 4806	4.693359
495435	63694	-1.798828	 4653	4.543945
495665	63466	-2.021484	 4488	4.382812
495895	63246	-2.236328	 4313	4.211914
496125	63035	-2.442383	 4131	4.034180
496355	62833	-2.639648	 3944	3.851562
496585	62641	-2.827148	 3754	3.666016
496815	62458	-3.005859	 3563	3.479492
497045	62285	-3.174805	 3371	3.291992
497275	62121	-3.334961	 3178	3.103516
497505	61967	-3.485352	 2984	2.914062
497735	61823	-3.625977	 2787	2.721680
497965	61689	-3.756836	 2586	2.525391
498195	61565	-3.877930	 2379	2.323242
498425	61451	-3.989258	 2164	2.113281
498655	61348	-4.089844	 1939	1.893555
498885	61257	-4.178711	 1704	1.664062
499115	61178	-4.255859	 1460	1.425781
499345	61111	-4.321289	 1208	1.179688
499575	61057	-4.374023	  951	0.928711
499805	61016	-4.414062	  692	0.675781
500035	60987	-4.442383	  435	0.424805
500265	60971	-4.458008	  183	0.178711
500495	60968	-4.460938	65473	-0.061523
500725	60977	-4.452148	65234	-0.294922
500955	60997	-4.432617	65001	-0.522461
501185	61029	-4.401367	64773	-0.745117
501415	61072	-4.359375	64548	-0.964844
501645	61126	-4.306641	64324	-1.183594
501875	61191	-4.243164	64099	-1.403320
502105	61268	-4.167969	63873	-1.624023
502335	61356	-4.082031	63645	-1.846680
502565	61455	-3.985352	63416	-2.070312
502795	61566	-3.876953	63189	-2.291992
503025	61688	-3.757812	62966	-2.509766
503255	61821	-3.627930	62750	-2.720703
503485	61964	-3.488281	62544	-2.921875
503715	62117	-3.338867	62350	-3.111328
503945	62280	-3.179688	62170	-3.287109
504175	62451	-3.012695	62005	-3.448242
504405	62630	-2.837891	61855	-3.594727
504635	62816	-2.656250	61719	-3.727539
504865	63009	-2.467773	61598	-3.845703
505095	63207	-2.274414	61490	-3.951172
505325	63411	-2.075195	61394	-4.044922
505555	63619	-1.872070	61310	-4.126953
505785	63831	-1.665039	61236	-4.199219
506015	64046	-1.455078	61173	-4.260742
506245	64264	-1.242188	61119	-4.313477
506475	64485	-1.026367	61074	-4.357422
506705	64708	-0.808594	61038	-4.392578
506935	64932	-0.589844	61011	-4.418945
507165	65157	-0.370117	60993	-4.436523
507395	65383	-0.149414	60983	-4.446289
507625	   73	0.071289	60982	-4.447266
507855	  299	0.291992	60990	-4.439453
508085	  525	0.512695	61006	-4.423828
508315	  750	0.732422	61032	-4.398438
508545	  973	0.950195	61067	-4.364258
508775	 1194	1.166016	61112	-4.320312
509005	 1413	1.379883	61167	-4.266602
509235	 1629	1.590820	61233	-4.202148
509465	 1841	1.797852	61311	-4.125977
509695	 2049	2.000977	61401	-4.038086
509925	 2252	2.199219	61504	-3.937500
510155	 2450	2.392578	61620	-3.824219
510385	 2641	2.579102	61750	-3.697266
510615	 2826	2.759766	61894	-3.556641
510845	 3003	2.932617	62053	-3.401367
511075	 3172	3.097656	62226	-3.232422
511305	 3332	3.253906	62412	-3.050781
511535	 3482	3.400391	62610	-2.857422
511765	 3622	3.537109	62817	-2.655273
511995	 3752	3.664062	63030	-2.447266
512225	 3871	3.780273	63247	-2.235352
512455	 3979	3.885742	63464	-2.023438
512685	 4076	3.980469	63680	-1.812500
512915	 4163	4.065430	63894	-1.603516
513145	 4239	4.139648	64106	-1.396484
513375	 4304	4.203125	64316	-1.191406
513605	 4359	4.256836	64525	-0.987305
513835	 4404	4.300781	64735	-0.782227
514065	 4438	4.333984	64949	-0.573242
514295	 4461	4.356445	65167	-0.360352
514525	 4473	4.368164	65391	-0.141602
514755	 4474	4.369141	   86	0.083984
514985	 4463	4.358398	  322	0.314453
515215	 4441	4.336914	  562	0.548828
515445	 4407	4.303711	  803	0.784180
515675	 4361	4.258789	 1042	1.017578
515905	 4303	4.202148	 1275	1.245117
516135	 4233	4.133789	 1500	1.464844
516365	 4152	4.054688	 1715	1.674805
516595	 4061	3.965820	 1919	1.874023
516825	 3960	3.867188	 2113	2.063477
517055	 3850	3.759766	 2297	2.243164
517285	 3731	3.643555	 2473	2.415039
517515	 3603	3.518555	 2642	2.580078
517745	 3467	3.385742	 2805	2.739258
517975	 3323	3.245117	 2964	2.894531
518205	 3171	3.096680	 3120	3.046875
518435	 3011	2.940430	 3274	3.197266
518665	 2844	2.777344	 3425	3.344727
518895	 2669	2.606445	 3574	3.490234
519125	 2487	2.428711	 3719	3.631836
519355	 2298	2.244141	 3860	3.769531
519585	 2102	2.052734	 3995	3.901367
519815	 1899	1.854492	 4123	4.026367
520045	 1690	1.650391	 4242	4.142578
520275	 1475	1.440430	 4350	4.248047
520505	 1255	1.225586	 4446	4.341797
520735	 1031	1.006836	 4528	4.421875
520965	  803	0.784180	 4596	4.488281
521195	  572	0.558594	 4648	4.539062
521425	  339	0.331055	 4685	4.575195
521655	  104	0.101562	 4706	4.595703
521885	65405	-0.127930	 4711	4.600586
522115	65170	-0.357422	 4700	4.589844
522345	64936	-0.585938	 4674	4.564453
522575	64704	-0.812500	 4633	4.524414
522805	64474	-1.037109	 4577	4.469727
523035	64247	-1.258789	 4508	4.402344
523265	64024	-1.476562	 4426	4.322266
523495	63805	-1.690430	 4333	4.231445
523725	63591	-1.899414	 4230	4.130859
523955	63382	-2.103516	 4118	4.021484
524185	63179	-2.301758	 3999	3.905273
524415	62982	-2.494141	 3874	3.783203
524645	62792	-2.679688	 3744	3.656250
524875	62608	-2.859375	 3610	3.525391
525105	62431	-3.032227	 3473	3.391602
525335	62261	-3.198242	 3332	3.253906
525565	62098	-3.357422	 3188	3.113281
525795	61942	-3.509766	 3040	2.968750
526025	61794	-3.654297	 2888	2.820312
526255	61653	-3.791992	 2730	2.666016
526485	61521	-3.920898	 2565	2.504883
526715	61397	-4.041992	 2391	2.334961
526945	61282	-4.154297	 2207	2.155273
527175	61176	-4.257812	 2012	1.964844
527405	61080	-4.351562	 1806	1.763672
527635	60995	-4.434570	 1588	1.550781
527865	60921	-4.506836	 1360	1.328125
528095	60859	-4.567383	 1123	1.096680
528325	60808	-4.617188	  881	0.860352
528555	60770	-4.654297	  637	0.622070
528785	60744	-4.679688	  394	0.384766
529015	60730	-4.693359	  155	0.151367
529245	60728	-4.695312	65457	-0.077148
529475	60737	-4.686523	65229	-0.299805
529705	60757	-4.666992	65006	-0.517578
529935	60788	-4.636719	64787	-0.731445
530165	60830	-4.595703	64570	-0.943359
530395	60883	-4.543945	64353	-1.155273
530625	60947	-4.481445	64135	-1.368164
530855	61022	-4.408203	63914	-1.583984
531085	61108	-4.324219	63691	-1.801758
531315	61205	-4.229492	63466	-2.021484
531545	61313	-4.124023	63241	-2.241211
531775	61432	-4.007812	63019	-2.458008
532005	61562	-3.880859	62802	-2.669922
532235	61703	-3.743164	62594	-2.873047
532465	61854	-3.595703	62397	-3.065430
532695	62015	-3.438477	62213	-3.245117
532925	62184	-3.273438	62044	-3.410156
533155	62361	-3.100586	61889	-3.561523
533385	62546	-2.919922	61748	-3.699219
533615	62737	-2.733398	61621	-3.823242
533845	62934	-2.541016	61507	-3.934570
534075	63137	-2.342773	61405	-4.034180
534305	63345	-2.139648	61314	-4.123047
534535	63557	-1.932617	61234	-4.201172
534765	63773	-1.721680	61163	-4.270508
534995	63992	-1.507812	61101	-4.331055
535225	64214	-1.291016	61048	-4.382812
535455	64438	-1.072266	61004	-4.425781
535685	64664	-0.851562	60968	-4.460938
535915	64892	-0.628906	60940	-4.488281
536145	65121	-0.405273	60920	-4.507812
536375	65351	-0.180664	60908	-4.519531
536605	   45	0.043945	60904	-4.523438
536835	  275	0.268555	60908	-4.519531
537065	  505	0.493164	60921	-4.506836
537295	  734	0.716797	60942	-4.486328
537525	  962	0.939453	60972	-4.457031
537755	 1188	1.160156	61012	-4.417969
537985	 1412	1.378906	61061	-4.370117
538215	 1633	1.594727	61121	-4.311523
538445	 1851	1.807617	61192	-4.242188
538675	 2065	2.016602	61274	-4.162109
538905	 2275	2.221680	61368	-4.070312
539135	 2480	2.421875	61475	-3.965820
539365	 2679	2.616211	61596	-3.847656
539595	 2872	2.804688	61731	-3.715820
539825	 3057	2.985352	61880	-3.570312
540055	 3235	3.159180	62044	-3.410156
540285	 3404	3.324219	62223	-3.235352
540515	 3564	3.480469	62415	-3.047852
540745	 3714	3.626953	62619	-2.848633
540975	 3854	3.763672	62832	-2.640625
541205	 3983	3.889648	63051	-2.426758
541435	 4101	4.004883	63274	-2.208984
541665	 4208	4.109375	63498	-1.990234
541895	 4303	4.202148	63721	-1.772461
542125	 4387	4.284180	63942	-1.556641
542355	 4460	4.355469	64160	-1.343750
542585	 4523	4.416992	64377	-1.131836
542815	 4575	4.467773	64594	-0.919922
543045	 4616	4.507812	64813	-0.706055
543275	 4646	4.537109	65036	-0.488281
543505	 4665	4.555664	65264	-0.265625
543735	 4672	4.562500	65499	-0.036133
543965	 4667	4.557617	  204	0.199219
544195	 4650	4.541016	  450	0.439453
544425	 4621	4.512695	  698	0.681641
544655	 4580	4.472656	  945	0.922852
544885	 4526	4.419922	 1188	1.160156
545115	 4460	4.355469	 1424	1.390625
545345	 4383	4.280273	 1651	1.612305
545575	 4295	4.194336	 1867	1.823242
545805	 4196	4.097656	 2073	2.024414
546035	 4087	3.991211	 2269	2.215820
546265	 3969	3.875977	 2456	2.398438
546495	 3842	3.751953	 2636	2.574219
546725	 3706	3.619141	 2811	2.745117
546955	 3561	3.477539	 2982	2.912109
547185	 3408	3.328125	 3150	3.076172
547415	 3246	3.169922	 3315	3.237305
547645	 3076	3.003906	 3478	3.396484
547875	 2898	2.830078	 3639	3.553711
548105	 2712	2.648438	 3796	3.707031
548335	 2519	2.459961	 3948	3.855469
548565	 2318	2.263672	 4093	3.997070
548795	 2110	2.060547	 4230	4.130859
549025	 1896	1.851562	 4356	4.253906
549255	 1676	1.636719	 4470	4.365234
549485	 1450	1.416016	 4570	4.462891
549715	 1220	1.191406	 4655	4.545898
549945	  986	0.962891	 4725	4.614258
550175	  749	0.731445	 4778	4.666016
550405	  509	0.497070	 4814	4.701172
550635	  268	0.261719	 4834	4.720703
550865	   26	0.025391	 4837	4.723633
551095	65321	-0.209961	 4823	4.709961
551325	65081	-0.444336	 4793	4.680664
551555	64843	-0.676758	 4747	4.635742
551785	64607	-0.907227	 4686	4.576172
552015	64375	-1.133789	 4611	4.502930
552245	64147	-1.356445	 4523	4.416992
552475	63924	-1.574219	 4423	4.319336
552705	63706	-1.787109	 4312	4.210938
552935	63494	-1.994141	 4192	4.093750
553165	63288	-2.195312	 4064	3.968750
553395	63088	-2.390625	 3930	3.837891
553625	62895	-2.579102	 3792	3.703125
553855	62709	-2.760742	 3650	3.564453
554085	62530	-2.935547	 3505	3.422852
554315	62359	-3.102539	 3357	3.278320
554545	62195	-3.262695	 3207	3.131836
554775	62039	-3.415039	 3053	2.981445
555005	61890	-3.560547	 2895	2.827148
555235	61749	-3.698242	 2732	2.667969
555465	61617	-3.827148	 2562	2.501953
555695	61493	-3.948242	 2384	2.328125
555925	61378	-4.060547	 2197	2.145508
556155	61273	-4.163086	 1999	1.952148
556385	61178	-4.255859	 1790	1.748047
556615	61094	-4.337891	 1570	1.533203
556845	61021	-4.409180	 1340	1.308594
557075	60960	-4.468750	 1102	1.076172
557305	60911	-4.516602	  859	0.838867
557535	60874	-4.552734	  615	0.600586
557765	60849	-4.577148	  372	0.363281
557995	60836	-4.589844	  134	0.130859
558225	60835	-4.590820	65437	-0.096680
558455	60845	-4.581055	65210	-0.318359
558685	60866	-4.560547	64989	-0.534180
558915	60898	-4.529297	64772	-0.746094
559145	60941	-4.487305	64557	-0.956055
559375	60995	-4.434570	64342	-1.166016
559605	61059	-4.372070	64126	-1.376953
559835	61134	-4.298828	63907	-1.590820
560065	61220	-4.214844	63686	-1.806641
560295	61317	-4.120117	63463	-2.024414
560525	61425	-4.014648	63241	-2.241211
560755	61544	-3.898438	63021	-2.456055
560985	61674	-3.771484	62807	-2.665039
561215	61815	-3.633789	62602	-2.865234
561445	61966	-3.486328	62408	-3.054688
561675	62126	-3.330078	62227	-3.231445
561905	62295	-3.165039	62060	-3.394531
562135	62472	-2.992188	61908	-3.542969
562365	62656	-2.812500	61770	-3.677734
562595	62846	-2.626953	61646	-3.798828
562825	63042	-2.435547	61535	-3.907227
563055	63243	-2.239258	61437	-4.002930
563285	63449	-2.038086	61350	-4.087891
563515	63659	-1.833008	61274	-4.162109
563745	63873	-1.624023	61208	-4.226562
563975	64090	-1.412109	61152	-4.281250
564205	64309	-1.198242	61105	-4.327148
564435	64530	-0.982422	61067	-4.364258
564665	64753	-0.764648	61038	-4.392578
564895	64977	-0.545898	61017	-4.413086
565125	65202	-0.326172	61005	-4.424805
565355	65427	-0.106445	61001	-4.428711
565585	  116	0.113281	61006	-4.423828
565815	  341	0.333008	61019	-4.411133
566045	  565	0.551758	61041	-4.389648
566275	  788	0.769531	61073	-4.358398
566505	 1009	0.985352	61114	-4.318359
566735	 1228	1.199219	61165	-4.268555
566965	 1444	1.410156	61227	-4.208008
567195	 1656	1.617188	61300	-4.136719
567425	 1864	1.820312	61385	-4.053711
567655	 2068	2.019531	61482	-3.958984
567885	 2267	2.213867	61592	-3.851562
568115	 2460	2.402344	61716	-3.730469
568345	 2646	2.583984	61854	-3.595703
568575	 2825	2.758789	62006	-3.447266
568805	 2996	2.925781	62172	-3.285156
569035	 3159	3.084961	62352	-3.109375
569265	 3312	3.234375	62544	-2.921875
569495	 3456	3.375000	62745	-2.725586
569725	 3589	3.504883	62954	-2.521484
569955	 3712	3.625000	63167	-2.313477
570185	 3824	3.734375	63382	-2.103516
570415	 3925	3.833008	63596	-1.894531
570645	 4016	3.921875	63808	-1.687500
570875	 4096	4.000000	64018	-1.482422
571105	 4166	4.068359	64225	-1.280273
571335	 4226	4.126953	64431	-1.079102
571565	 4275	4.174805	64637	-0.877930
571795	 4314	4.212891	64846	-0.673828
572025	 4343	4.241211	65058	-0.466797
572255	 4361	4.258789	65276	-0.253906
572485	 4368	4.265625	65500	-0.035156
572715	 4364	4.261719	  194	0.189453
572945	 4348	4.246094	  429	0.418945
573175	 4320	4.218750	  666	0.650391
573405	 4280	4.179688	  903	0.881836
573635	 4229	4.129883	 1136	1.109375
573865	 4166	4.068359	 1362	1.330078
574095	 4092	3.996094	 1579	1.541992
574325	 4008	3.914062	 1786	1.744141
574555	 3914	3.822266	 1982	1.935547
574785	 3810	3.720703	 2168	2.117188
575015	 3697	3.610352	 2344	2.289062
575245	 3575	3.491211	 2512	2.453125
575475	 3445	3.364258	 2673	2.610352
575705	 3307	3.229492	 2829	2.762695
575935	 3162	3.087891	 2981	2.911133
576165	 3009	2.938477	 3130	3.056641
576395	 2849	2.782227	 3277	3.200195
576625	 2682	2.619141	 3422	3.341797
576855	 2507	2.448242	 3564	3.480469
577085	 2326	2.271484	 3703	3.616211
577315	 2138	2.087891	 3837	3.747070
577545	 1943	1.897461	 3966	3.873047
577775	 1742	1.701172	 4087	3.991211
578005	 1535	1.499023	 4200	4.101562
578235	 1323	1.291992	 4302	4.201172
578465	 1106	1.080078	 4393	4.290039
578695	  885	0.864258	 4471	4.366211
578925	  660	0.644531	 4535	4.428711
579155	  432	0.421875	 4584	4.476562
579385	  202	0.197266	 4618	4.509766
579615	65507	-0.028320	 4637	4.528320
579845	65275	-0.254883	 4641	4.532227
580075	65043	-0.481445	 4630	4.521484
580305	64812	-0.707031	 4604	4.496094
580535	64583	-0.930664	 4563	4.456055
580765	64356	-1.152344	 4508	4.402344
580995	64132	-1.371094	 4440	4.335938
581225	63912	-1.585938	 4360	4.257812
581455	63696	-1.796875	 4270	4.169922
581685	63485	-2.002930	 4170	4.072266
581915	63279	-2.204102	 4062	3.966797
582145	63079	-2.399414	 3947	3.854492
582375	62885	-2.588867	 3826	3.736328
582605	62697	-2.772461	 3700	3.613281
582835	62515	-2.950195	 3570	3.486328
583065	62340	-3.121094	 3436	3.355469
583295	62172	-3.285156	 3299	3.221680
583525	62011	-3.442383	 3158	3.083984
583755	61857	-3.592773	 3013	2.942383
583985	61710	-3.736328	 2863	2.795898
584215	61571	-3.872070	 2706	2.642578
584445	61440	-4.000000	 2542	2.482422
584675	61317	-4.120117	 2369	2.313477
584905	61203	-4.231445	 2186	2.134766
585135	61098	-4.333984	 1991	1.944336
585365	61003	-4.426758	 1785	1.743164
585595	60919	-4.508789	 1567	1.530273
585825	60846	-4.580078	 1338	1.306641
586055	60785	-4.639648	 1101	1.075195
586285	60736	-4.687500	  859	0.838867
586515	60699	-4.723633	  615	0.600586
586745	60674	-4.748047	  372	0.363281
586975	60661	-4.760742	  133	0.129883
587205	60660	-4.761719	65435	-0.098633
587435	60670	-4.751953	65207	-0.321289
587665	60692	-4.730469	64984	-0.539062
587895	60724	-4.699219	64765	-0.752930
588125	60767	-4.657227	64547	-0.965820
588355	60821	-4.604492	64329	-1.178711
588585	60886	-4.541016	64109	-1.393555
588815	60962	-4.466797	63887	-1.610352
589045	61049	-4.381836	63662	-1.830078
589275	61147	-4.286133	63435	-2.051758
589505	61257	-4.178711	63209	-2.272461
589735	61378	-4.060547	62986	-2.490234
589965	61510	-3.931641	62769	-2.702148
590195	61653	-3.791992	62561	-2.905273
590425	61806	-3.642578	62364	-3.097656
590655	61968	-3.484375	62181	-3.276367
590885	62139	-3.317383	62012	-3.441406
591115	62318	-3.142578	61857	-3.592773
591345	62504	-2.960938	61716	-3.730469
591575	62697	-2.772461	61589	-3.854492
591805	62896	-2.578125	61474	-3.966797
592035	63100	-2.378906	61371	-4.067383
592265	63309	-2.174805	61279	-4.157227
592495	63523	-1.965820	61197	-4.237305
592725	63740	-1.753906	61125	-4.307617
592955	63961	-1.538086	61061	-4.370117
593185	64185	-1.319336	61006	-4.423828
593415	64411	-1.098633	60959	-4.469727
593645	64640	-0.875000	60920	-4.507812
593875	64870	-0.650391	60889	-4.538086
594105	65102	-0.423828	60865	-4.561523
594335	65335	-0.196289	60849	-4.577148
594565	   32	0.031250	60841	-4.584961
594795	  265	0.258789	60841	-4.584961
595025	  498	0.486328	60849	-4.577148
595255	  731	0.713867	60865	-4.561523
595485	  963	0.940430	60890	-4.537109
595715	 1193	1.165039	60924	-4.503906
595945	 1421	1.387695	60967	-4.461914
596175	 1647	1.608398	61020	-4.410156
596405	 1870	1.826172	61083	-4.348633
596635	 2090	2.041016	61157	-4.276367
596865	 2306	2.251953	61243	-4.192383
597095	 2517	2.458008	61341	-4.096680
597325	 2723	2.659180	61452	-3.988281
597555	 2923	2.854492	61577	-3.866211
597785	 3116	3.042969	61716	-3.730469
598015	 3302	3.224609	61870	-3.580078
598245	 3480	3.398438	62039	-3.415039
598475	 3649	3.563477	62223	-3.235352
598705	 3809	3.719727	62421	-3.041992
598935	 3959	3.866211	62631	-2.836914
599165	 4098	4.001953	62850	-2.623047
599395	 4226	4.126953	63076	-2.402344
599625	 4342	4.240234	63305	-2.178711
599855	 4447	4.342773	63535	-1.954102
600085	 4540	4.433594	63764	-1.730469
600315	 4622	4.513672	63991	-1.508789
600545	 4693	4.583008	64216	-1.289062
600775	 4753	4.641602	64440	-1.070312
601005	 4802	4.689453	64665	-0.850586
601235	 4839	4.725586	64893	-0.627930
601465	 4865	4.750977	65125	-0.401367
601695	 4879	4.764648	65363	-0.168945
601925	 4881	4.766602	   72	0.070312
602155	 4871	4.756836	  323	0.315430
602385	 4848	4.734375	  578	0.564453
602615	 4812	4.699219	  834	0.814453
602845	 4764	4.652344	 1087	1.061523
603075	 4703	4.592773	 1335	1.303711
603305	 4630	4.521484	 1574	1.537109
603535	 4545	4.438477	 1803	1.760742
603765	 4449	4.344727	 2021	1.973633
603995	 4343	4.241211	 2229	2.176758
604225	 4226	4.126953	 2428	2.371094
604455	 4100	4.003906	 2620	2.558594
604685	 3964	3.871094	 2807	2.741211
604915	 3819	3.729492	 2990	2.919922
605145	 3665	3.579102	 3170	3.095703
605375	 3502	3.419922	 3347	3.268555
605605	 3330	3.251953	 3522	3.439453
605835	 3150	3.076172	 3694	3.607422
606065	 2961	2.891602	 3863	3.772461
606295	 2764	2.699219	 4026	3.931641
606525	 2559	2.499023	 4182	4.083984
606755	 2346	2.291016	 4328	4.226562
606985	 2126	2.076172	 4462	4.357422
607215	 1900	1.855469	 4583	4.475586
607445	 1668	1.628906	 4689	4.579102
607675	 1432	1.398438	 4779	4.666992
607905	 1191	1.163086	 4852	4.738281
608135	  947	0.924805	 4908	4.792969
608365	  701	0.684570	 4946	4.830078
608595	  453	0.442383	 4966	4.849609
608825	  205	0.200195	 4969	4.852539
609055	65493	-0.041992	 4955	4.838867
609285	65246	-0.283203	 4924	4.808594
609515	65001	-0.522461	 4876	4.761719
609745	64759	-0.758789	 4812	4.699219
609975	64521	-0.991211	 4733	4.622070
610205	64287	-1.219727	 4640	4.531250
610435	64058	-1.443359	 4534	4.427734
610665	63834	-1.662109	 4417	4.313477
610895	63617	-1.874023	 4290	4.189453
611125	63406	-2.080078	 4154	4.056641
611355	63202	-2.279297	 4012	3.917969
611585	63005	-2.471680	 3865	3.774414
611815	62816	-2.656250	 3714	3.626953
612045	62634	-2.833984	 3561	3.477539
612275	62460	-3.003906	 3405	3.325195
612505	62294	-3.166016	 3247	3.170898
612735	62136	-3.320312	 3087	3.014648
612965	61986	-3.466797	 2924	2.855469
613195	61844	-3.605469	 2756	2.691406
613425	61710	-3.736328	 2582	2.521484
613655	61585	-3.858398	 2400	2.343750
613885	61470	-3.970703	 2209	2.157227
614115	61364	-4.074219	 2008	1.960938
614345	61269	-4.166992	 1796	1.753906
614575	61184	-4.250000	 1574	1.537109
614805	61111	-4.321289	 1342	1.310547
615035	61050	-4.380859	 1102	1.076172
615265	61001	-4.428711	  858	0.837891
615495	60964	-4.464844	  613	0.598633
615725	60939	-4.489258	  370	0.361328
615955	60926	-4.501953	  131	0.127930
616185	60925	-4.502930	65434	-0.099609
616415	60935	-4.493164	65207	-0.321289
616645	60956	-4.472656	64986	-0.537109
616875	60988	-4.441406	64769	-0.749023
617105	61031	-4.399414	64554	-0.958984
617335	61085	-4.346680	64339	-1.168945
617565	61149	-4.284180	64123	-1.379883
617795	61224	-4.210938	63905	-1.592773
618025	61310	-4.126953	63685	-1.807617
618255	61407	-4.032227	63463	-2.024414
618485	61515	-3.926758	63242	-2.240234
618715	61634	-3.810547	63024	-2.453125
618945	61764	-3.683594	62812	-2.660156
619175	61904	-3.546875	62608	-2.859375
619405	62054	-3.400391	62416	-3.046875
619635	62214	-3.244141	62237	-3.221680
619865	62382	-3.080078	62072	-3.382812
620095	62558	-2.908203	61922	-3.529297
620325	62741	-2.729492	61787	-3.661133
620555	62930	-2.544922	61666	-3.779297
620785	63125	-2.354492	61558	-3.884766
621015	63325	-2.159180	61463	-3.977539
621245	63530	-1.958984	61379	-4.059570
621475	63738	-1.755859	61306	-4.130859
621705	63950	-1.548828	61244	-4.191406
621935	64165	-1.338867	61192	-4.242188
622165	64382	-1.126953	61149	-4.284180
622395	64601	-0.913086	61115	-4.317383
622625	64821	-0.698242	61090	-4.341797
622855	65042	-0.482422	61074	-4.357422
623085	65264	-0.265625	61067	-4.364258
623315	65486	-0.048828	61069	-4.362305
623545	  172	0.167969	61080	-4.351562
623775	  393	0.383789	61100	-4.332031
624005	  613	0.598633	61130	-4.302734
624235	  831	0.811523	61170	-4.263672
624465	 1047	1.022461	61220	-4.214844
624695	 1260	1.230469	61281	-4.155273
624925	 1470	1.435547	61353	-4.084961
625155	 1676	1.636719	61437	-4.002930
625385	 1877	1.833008	61533	-3.909180
625615	 2073	2.024414	61642	-3.802734
625845	 2264	2.210938	61765	-3.682617
626075	 2448	2.390625	61902	-3.548828
626305	 2625	2.563477	62052	-3.402344
626535	 2794	2.728516	62216	-3.242188
626765	 2955	2.885742	62393	-3.069336
626995	 3107	3.034180	62581	-2.885742
627225	 3249	3.172852	62778	-2.693359
627455	 3381	3.301758	62982	-2.494141
627685	 3503	3.420898	63189	-2.291992
627915	 3614	3.529297	63398	-2.087891
628145	 3715	3.627930	63606	-1.884766
628375	 3805	3.715820	63811	-1.684570
628605	 3885	3.793945	64014	-1.486328
628835	 3955	3.862305	64214	-1.291016
629065	 4015	3.920898	64413	-1.096680
629295	 4065	3.969727	64611	-0.903320
629525	 4106	4.009766	64811	-0.708008
629755	 4137	4.040039	65015	-0.508789
629985	 4157	4.059570	65224	-0.304688
630215	 4167	4.069336	65439	-0.094727
630445	 4166	4.068359	  124	0.121094
630675	 4154	4.056641	  350	0.341797
630905	 4130	4.033203	  579	0.565430
631135	 4095	3.999023	  809	0.790039
631365	 4049	3.954102	 1036	1.011719
631595	 3991	3.897461	 1258	1.228516
631825	 3922	3.830078	 1471	1.436523
632055	 3843	3.752930	 1675	1.635742
632285	 3754	3.666016	 1868	1.824219
632515	 3656	3.570312	 2050	2.001953
632745	 3549	3.465820	 2222	2.169922
632975	 3434	3.353516	 2385	2.329102
633205	 3311	3.233398	 2540	2.480469
633435	 3180	3.105469	 2689	2.625977
633665	 3042	2.970703	 2832	2.765625
633895	 2897	2.829102	 2972	2.902344
634125	 2745	2.680664	 3108	3.035156
634355	 2586	2.525391	 3242	3.166016
634585	 2421	2.364258	 3373	3.293945
634815	 2249	2.196289	 3502	3.419922
635045	 2071	2.022461	 3628	3.542969
635275	 1887	1.842773	 3750	3.662109
635505	 1697	1.657227	 3867	3.776367
635735	 1501	1.465820	 3978	3.884766
635965	 1300	1.269531	 4081	3.985352
636195	 1094	1.068359	 4175	4.077148
636425	  883	0.862305	 4259	4.159180
636655	  668	0.652344	 4332	4.230469
636885	  450	0.439453	 4393	4.290039
637115	  229	0.223633	 4441	4.336914
637345	    6	0.005859	 4475	4.370117
637575	65318	-0.212891	 4495	4.389648
637805	65093	-0.432617	 4501	4.395508
638035	64868	-0.652344	 4493	4.387695
638265	64644	-0.871094	 4471	4.366211
638495	64422	-1.087891	 4436	4.332031
638725	64202	-1.302734	 4388	4.285156
638955	63984	-1.515625	 4328	4.226562
639185	63770	-1.724609	 4257	4.157227
639415	63559	-1.930664	 4176	4.078125
639645	63353	-2.131836	 4086	3.990234
639875	63151	-2.329102	 3988	3.894531
640105	62954	-2.521484	 3883	3.791992
640335	62763	-2.708008	 3772	3.683594
640565	62577	-2.889648	 3655	3.569336
640795	62397	-3.065430	 3534	3.451172
641025	62224	-3.234375	 3409	3.329102
641255	62057	-3.397461	 3280	3.203125
641485	61896	-3.554688	 3146	3.072266
641715	61742	-3.705078	 3007	2.936523
641945	61595	-3.848633	 2862	2.794922
642175	61456	-3.984375	 2711	2.647461
642405	61324	-4.113281	 2551	2.491211
642635	61201	-4.233398	 2382	2.326172
642865	61086	-4.345703	 2203	2.151367
643095	60980	-4.449219	 2012	1.964844
643325	60884	-4.542969	 1809	1.766602
643555	60799	-4.625977	 1593	1.555664
643785	60725	-4.698242	 1366	1.333984
644015	60662	-4.759766	 1130	1.103516
644245	60611	-4.809570	  888	0.867188
644475	60572	-4.847656	  643	0.627930
644705	60546	-4.873047	  399	0.389648
644935	60532	-4.886719	  158	0.154297
645165	60530	-4.888672	65458	-0.076172
645395	60539	-4.879883	65228	-0.300781
645625	60560	-4.859375	65003	-0.520508
645855	60592	-4.828125	64781	-0.737305
646085	60635	-4.786133	64561	-0.952148
646315	60689	-4.733398	64340	-1.167969
646545	60754	-4.669922	64118	-1.384766
646775	60830	-4.595703	63893	-1.604492
647005	60917	-4.510742	63665	-1.827148
647235	61015	-4.415039	63435	-2.051758
647465	61125	-4.307617	63205	-2.276367
647695	61246	-4.189453	62978	-2.498047
647925	61378	-4.060547	62757	-2.713867
648155	61521	-3.920898	62545	-2.920898
648385	61675	-3.770508	62345	-3.116211
648615	61838	-3.611328	62158	-3.298828
648845	62010	-3.443359	61985	-3.467773
649075	62190	-3.267578	61826	-3.623047
649305	62378	-3.083984	61681	-3.764648
649535	62573	-2.893555	61549	-3.893555
649765	62774	-2.697266	61430	-4.009766
649995	62981	-2.495117	61322	-4.115234
650225	63193	-2.288086	61224	-4.210938
650455	63410	-2.076172	61136	-4.296875
650685	63631	-1.860352	61057	-4.374023
650915	63855	-1.641602	60986	-4.443359
651145	64083	-1.418945	60923	-4.504883
651375	64314	-1.193359	60868	-4.558594
651605	64547	-0.965820	60820	-4.605469
651835	64782	-0.736328	60780	-4.644531
652065	65019	-0.504883	60747	-4.676758
652295	65258	-0.271484	60721	-4.702148
652525	65498	-0.037109	60702	-4.720703
652755	  203	0.198242	60691	-4.731445
652985	  444	0.433594	60688	-4.734375
653215	  685	0.668945	60692	-4.730469
653445	  926	0.904297	60705	-4.717773
653675	 1166	1.138672	60726	-4.697266
653905	 1404	1.371094	60756	-4.667969
654135	 1641	1.602539	60795	-4.629883
654365	 1876	1.832031	60843	-4.583008
654595	 2108	2.058594	60901	-4.526367
654825	 2337	2.282227	60969	-4.459961
655055	 2562	2.501953	61048	-4.382812
655285	 2783	2.717773	61138	-4.294922
655515	 2999	2.928711	61240	-4.195312
655745	 3210	3.134766	61356	-4.082031
655975	 3415	3.334961	61485	-3.956055
656205	 3613	3.528320	61629	-3.815430
656435	 3803	3.713867	61789	-3.659180
656665	 3985	3.891602	61965	-3.487305
656895	 4158	4.060547	62156	-3.300781
657125	 4321	4.219727	62362	-3.099609
657355	 4473	4.368164	62582	-2.884766
657585	 4614	4.505859	62813	-2.659180
657815	 4743	4.631836	63051	-2.426758
658045	 4860	4.746094	63294	-2.189453
658275	 4965	4.848633	63538	-1.951172
658505	 5058	4.939453	63782	-1.712891
658735	 5139	5.018555	64024	-1.476562
658965	 5208	5.085938	64265	-1.241211
659195	 5265	5.141602	64506	-1.005859
659425	 5310	5.185547	64748	-0.769531
659655	 5343	5.217773	64994	-0.529297
659885	 5363	5.237305	65246	-0.283203
660115	 5371	5.245117	65505	-0.030273
660345	 5366	5.240234	  235	0.229492
660575	 5347	5.221680	  506	0.494141
660805	 5315	5.190430	  779	0.760742
661035	 5269	5.145508	 1051	1.026367
661265	 5209	5.086914	 1318	1.287109
661495	 5136	5.015625	 1577	1.540039
661725	 5051	4.932617	 1826	1.783203
661955	 4953	4.836914	 2065	2.016602
662185	 4844	4.730469	 2294	2.240234
662415	 4724	4.613281	 2515	2.456055
662645	 4593	4.485352	 2729	2.665039
662875	 4451	4.346680	 2939	2.870117
663105	 4299	4.198242	 3146	3.072266
663335	 4137	4.040039	 3351	3.272461
663565	 3965	3.872070	 3554	3.470703
663795	 3782	3.693359	 3754	3.666016
664025	 3590	3.505859	 3950	3.857422
664255	 3388	3.308594	 4140	4.042969
664485	 3177	3.102539	 4321	4.219727
664715	 2957	2.887695	 4491	4.385742
664945	 2729	2.665039	 4647	4.538086
665175	 2493	2.434570	 4788	4.675781
665405	 2251	2.198242	 4912	4.796875
665635	 2003	1.956055	 5018	4.900391
665865	 1750	1.708984	 5106	4.986328
666095	 1493	1.458008	 5176	5.054688
666325	 1233	1.204102	 5227	5.104492
666555	  971	0.948242	 5260	5.136719
666785	  708	0.691406	 5275	5.151367
667015	  445	0.434570	 5272	5.148438
667245	  182	0.177734	 5251	5.127930
667475	65457	-0.077148	 5212	5.089844
667705	65198	-0.330078	 5156	5.035156
667935	64942	-0.580078	 5084	4.964844
668165	64690	-0.826172	 4995	4.877930
668395	64443	-1.067383	 4891	4.776367
668625	64202	-1.302734	 4772	4.660156
668855	63967	-1.532227	 4640	4.531250
669085	63739	-1.754883	 4496	4.390625
669315	63518	-1.970703	 4342	4.240234
669545	63305	-2.178711	 4180	4.082031
669775	63100	-2.378906	 4012	3.917969
670005	62904	-2.570312	 3840	3.750000
670235	62717	-2.752930	 3665	3.579102
670465	62538	-2.927734	 3489	3.407227
670695	62368	-3.093750	 3312	3.234375
670925	62207	-3.250977	 3134	3.060547
671155	62055	-3.399414	 2954	2.884766
671385	61912	-3.539062	 2770	2.705078
671615	61778	-3.669922	 2581	2.520508
671845	61654	-3.791016	 2386	2.330078
672075	61540	-3.902344	 2182	2.130859
672305	61436	-4.003906	 1969	1.922852
672535	61343	-4.094727	 1746	1.705078
672765	61261	-4.174805	 1513	1.477539
672995	61191	-4.243164	 1271	1.241211
673225	61133	-4.299805	 1023	0.999023
673455	61088	-4.343750	  772	0.753906
673685	61055	-4.375977	  522	0.509766
673915	61035	-4.395508	  275	0.268555
674145	61027	-4.403320	   34	0.033203
674375	61031	-4.399414	65336	-0.195312
674605	61046	-4.384766	65108	-0.417969
674835	61072	-4.359375	64885	-0.635742
675065	61109	-4.323242	64666	-0.849609
675295	61157	-4.276367	64449	-1.061523
675525	61216	-4.218750	64232	-1.273438
675755	61286	-4.150391	64014	-1.486328
675985	61367	-4.071289	63794	-1.701172
676215	61459	-3.981445	63572	-1.917969
676445	61562	-3.880859	63350	-2.134766
676675	61676	-3.769531	63130	-2.349609
676905	61801	-3.647461	62914	-2.560547
677135	61936	-3.515625	62706	-2.763672
677365	62081	-3.374023	62508	-2.957031
677595	62236	-3.222656	62323	-3.137695
677825	62400	-3.062500	62152	-3.304688
678055	62572	-2.894531	61996	-3.457031
678285	62751	-2.719727	61855	-3.594727
678515	62937	-2.538086	61728	-3.718750
678745	63129	-2.350586	61615	-3.829102
678975	63326	-2.158203	61515	-3.926758
679205	63528	-1.960938	61428	-4.011719
679435	63734	-1.759766	61352	-4.085938
679665	63944	-1.554688	61287	-4.149414
679895	64157	-1.346680	61233	-4.202148
680125	64372	-1.136719	61189	-4.245117
680355	64589	-0.924805	61155	-4.278320
680585	64807	-0.711914	61130	-4.302734
680815	65026	-0.498047	61114	-4.318359
681045	65246	-0.283203	61107	-4.325195
681275	65466	-0.068359	61109	-4.323242
681505	  150	0.146484	61121	-4.311523
681735	  369	0.360352	61142	-4.291016
681965	  587	0.573242	61173	-4.260742
682195	  803	0.784180	61214	-4.220703
682425	 1017	0.993164	61266	-4.169922
682655	 1228	1.199219	61329	-4.108398
682885	 1435	1.401367	61403	-4.036133
683115	 1638	1.599609	61489	-3.952148
683345	 1837	1.793945	61588	-3.855469
683575	 2030	1.982422	61700	-3.746094
683805	 2218	2.166016	61826	-3.623047
684035	 2399	2.342773	61965	-3.487305
684265	 2573	2.512695	62118	-3.337891
684495	 2739	2.674805	62284	-3.175781
684725	 2896	2.828125	62462	-3.001953
684955	 3044	2.972656	62650	-2.818359
685185	 3182	3.107422	62847	-2.625977
685415	 3310	3.232422	63049	-2.428711
685645	 3428	3.347656	63254	-2.228516
685875	 3536	3.453125	63459	-2.028320
686105	 3634	3.548828	63662	-1.830078
686335	 3722	3.634766	63863	-1.633789
686565	 3800	3.710938	64061	-1.440430
686795	 3868	3.777344	64257	-1.249023
687025	 3926	3.833984	64451	-1.059570
687255	 3975	3.881836	64646	-0.869141
687485	 4014	3.919922	64843	-0.676758
687715	 4043	3.948242	65043	-0.481445
687945	 4062	3.966797	65249	-0.280273
688175	 4071	3.975586	65460	-0.074219
688405	 4069	3.973633	  141	0.137695
688635	 4056	3.960938	  363	0.354492
688865	 4032	3.937500	  588	0.574219
689095	 3997	3.903320	  814	0.794922
689325	 3950	3.857422	 1037	1.012695
689555	 3892	3.800781	 1254	1.224609
689785	 3824	3.734375	 1463	1.428711
690015	 3746	3.658203	 1662	1.623047
690245	 3658	3.572266	 1851	1.807617
690475	 3561	3.477539	 2029	1.981445
690705	 3455	3.374023	 2196	2.144531
690935	 3341	3.262695	 2354	2.298828
691165	 3219	3.143555	 2504	2.445312
691395	 3090	3.017578	 2648	2.585938
691625	 2954	2.884766	 2786	2.720703
691855	 2811	2.745117	 2920	2.851562
692085	 2662	2.599609	 3050	2.978516
692315	 2506	2.447266	 3177	3.102539
692545	 2344	2.289062	 3302	3.224609
692775	 2176	2.125000	 3424	3.343750
693005	 2002	1.955078	 3544	3.460938
693235	 1822	1.779297	 3660	3.574219
693465	 1636	1.597656	 3772	3.683594
693695	 1445	1.411133	 3879	3.788086
693925	 1249	1.219727	 3979	3.885742
694155	 1048	1.023438	 4072	3.976562
694385	  843	0.823242	 4156	4.058594
694615	  634	0.619141	 4230	4.130859
694845	  421	0.411133	 4293	4.192383
695075	  205	0.200195	 4344	4.242188
695305	65523	-0.012695	 4382	4.279297
695535	65303	-0.227539	 4408	4.304688
695765	65082	-0.443359	 4420	4.316406
695995	64861	-0.659180	 4419	4.315430
696225	64641	-0.874023	 4405	4.301758
696455	64422	-1.087891	 4378	4.275391
696685	64204	-1.300781	 4339	4.237305
696915	63988	-1.511719	 4288	4.187500
697145	63775	-1.719727	 4226	4.126953
697375	63566	-1.923828	 4154	4.056641
697605	63361	-2.124023	 4073	3.977539
697835	63160	-2.320312	 3983	3.889648
698065	62963	-2.512695	 3886	3.794922
698295	62771	-2.700195	 3783	3.694336
698525	62585	-2.881836	 3674	3.587891
698755	62404	-3.058594	 3560	3.476562
698985	62229	-3.229492	 3441	3.360352
699215	62060	-3.394531	 3318	3.240234
699445	61897	-3.553711	 3190	3.115234
699675	61741	-3.706055	 3057	2.985352
699905	61592	-3.851562	 2918	2.849609
700135	61450	-3.990234	 2773	2.708008
700365	61315	-4.122070	 2620	2.558594
700595	61188	-4.246094	 2458	2.400391
700825	61069	-4.362305	 2285	2.231445
701055	60959	-4.469727	 2101	2.051758
701285	60859	-4.567383	 1904	1.859375
701515	60769	-4.655273	 1695	1.655273
701745	60689	-4.733398	 1474	1.439453
701975	60621	-4.799805	 1243	1.213867
702205	60564	-4.855469	 1004	0.980469
702435	60519	-4.899414	  760	0.742188
702665	60487	-4.930664	  515	0.502930
702895	60467	-4.950195	  272	0.265625
703125	60459	-4.958008	   33	0.032227
703355	60463	-4.954102	65336	-0.195312
703585	60478	-4.939453	65108	-0.417969
703815	60504	-4.914062	64884	-0.636719
704045	60542	-4.876953	64662	-0.853516
704275	60591	-4.829102	64441	-1.069336
704505	60651	-4.770508	64218	-1.287109
704735	60722	-4.701172	63993	-1.506836
704965	60804	-4.621094	63765	-1.729492
705195	60897	-4.530273	63534	-1.955078
705425	61002	-4.427734	63302	-2.181641
705655	61118	-4.314453	63072	-2.406250
705885	61246	-4.189453	62846	-2.626953
706115	61385	-4.053711	62628	-2.839844
706345	61535	-3.907227	62421	-3.041992
706575	61695	-3.750977	62226	-3.232422
706805	61864	-3.585938	62045	-3.409180
707035	62042	-3.412109	61879	-3.571289
707265	62228	-3.230469	61727	-3.719727
707495	62421	-3.041992	61588	-3.855469
707725	62620	-2.847656	61462	-3.978516
707955	62825	-2.647461	61347	-4.090820
708185	63036	-2.441406	61243	-4.192383
708415	63252	-2.230469	61149	-4.284180
708645	63472	-2.015625	61064	-4.367188
708875	63696	-1.796875	60987	-4.442383
709105	63924	-1.574219	60918	-4.509766
709335	64155	-1.348633	60856	-4.570312
709565	64389	-1.120117	60801	-4.624023
709795	64626	-0.888672	60753	-4.670898
710025	64865	-0.655273	60712	-4.710938
710255	65106	-0.419922	60678	-4.744141
710485	65348	-0.183594	60652	-4.769531
710715	   55	0.053711	60633	-4.788086
710945	  299	0.291992	60621	-4.799805
711175	  543	0.530273	60617	-4.803711
711405	  787	0.768555	60621	-4.799805
711635	 1031	1.006836	60633	-4.788086
711865	 1274	1.244141	60653	-4.768555
712095	 1516	1.480469	60682	-4.740234
712325	 1756	1.714844	60720	-4.703125
712555	 1994	1.947266	60767	-4.657227
712785	 2230	2.177734	60823	-4.602539
713015	 2463	2.405273	60889	-4.538086
713245	 2692	2.628906	60966	-4.462891
713475	 2917	2.848633	61054	-4.376953
713705	 3137	3.063477	61154	-4.279297
713935	 3352	3.273438	61267	-4.168945
714165	 3561	3.477539	61394	-4.044922
714395	 3763	3.674805	61535	-3.907227
714625	 3958	3.865234	61692	-3.753906
714855	 4145	4.047852	61865	-3.584961
715085	 4323	4.221680	62054	-3.400391
715315	 4491	4.385742	62259	-3.200195
715545	 4648	4.539062	62478	-2.986328
715775	 4794	4.681641	62710	-2.759766
716005	 4928	4.812500	62951	-2.524414
716235	 5050	4.931641	63198	-2.283203
716465	 5160	5.039062	63448	-2.039062
716695	 5257	5.133789	63699	-1.793945
716925	 5342	5.216797	63949	-1.549805
717155	 5414	5.287109	64197	-1.307617
717385	 5474	5.345703	64445	-1.065430
717615	 5522	5.392578	64694	-0.822266
717845	 5557	5.426758	64947	-0.575195
718075	 5579	5.448242	65205	-0.323242
718305	 5588	5.457031	65470	-0.064453
718535	 5584	5.453125	  206	0.201172
718765	 5566	5.435547	  484	0.472656
718995	 5534	5.404297	  765	0.747070
719225	 5488	5.359375	 1045	1.020508
719455	 5429	5.301758	 1320	1.289062
719685	 5356	5.230469	 1587	1.549805
719915	 5270	5.146484	 1844	1.800781
720145	 5171	5.049805	 2091	2.041992
720375	 5060	4.941406	 2329	2.274414
720605	 4938	4.822266	 2559	2.499023
720835	 4804	4.691406	 2783	2.717773
721065	 4659	4.549805	 3003	2.932617
721295	 4503	4.397461	 3220	3.144531
721525	 4337	4.235352	 3436	3.355469
721755	 4160	4.062500	 3649	3.563477
721985	 3972	3.878906	 3859	3.768555
722215	 3774	3.685547	 4064	3.968750
722445	 3566	3.482422	 4262	4.162109
722675	 3348	3.269531	 4449	4.344727
722905	 3121	3.047852	 4623	4.514648
723135	 2886	2.818359	 4782	4.669922
723365	 2644	2.582031	 4925	4.809570
723595	 2395	2.338867	 5050	4.931641
723825	 2140	2.089844	 5157	5.036133
724055	 1880	1.835938	 5245	5.122070
724285	 1616	1.578125	 5314	5.189453
724515	 1349	1.317383	 5365	5.239258
724745	 1080	1.054688	 5398	5.271484
724975	  810	0.791016	 5413	5.286133
725205	  540	0.527344	 5410	5.283203
725435	  270	0.263672	 5390	5.263672
725665	    2	0.001953	 5352	5.226562
725895	65272	-0.257812	 5297	5.172852
726125	65009	-0.514648	 5225	5.102539
726355	64750	-0.767578	 5137	5.016602
726585	64496	-1.015625	 5032	4.914062
726815	64248	-1.257812	 4912	4.796875
727045	64006	-1.494141	 4777	4.665039
727275	63771	-1.723633	 4629	4.520508
727505	63544	-1.945312	 4470	4.365234
727735	63325	-2.159180	 4301	4.200195
727965	63115	-2.364258	 4125	4.028320
728195	62913	-2.561523	 3944	3.851562
728425	62721	-2.749023	 3760	3.671875
728655	62538	-2.927734	 3574	3.490234
728885	62364	-3.097656	 3388	3.308594
729115	62199	-3.258789	 3201	3.125977
729345	62044	-3.410156	 3012	2.941406
729575	61898	-3.552734	 2821	2.754883
729805	61762	-3.685547	 2626	2.564453
730035	61636	-3.808594	 2425	2.368164
730265	61520	-3.921875	 2216	2.164062
730495	61414	-4.025391	 1998	1.951172
730725	61320	-4.117188	 1770	1.728516
730955	61237	-4.198242	 1532	1.496094
731185	61166	-4.267578	 1286	1.255859
731415	61108	-4.324219	 1033	1.008789
731645	61062	-4.369141	  778	0.759766
731875	61029	-4.401367	  523	0.510742
732105	61009	-4.420898	  272	0.265625
732335	61001	-4.428711	   27	0.026367
732565	61005	-4.424805	65324	-0.207031
732795	61021	-4.409180	65092	-0.433594
733025	61048	-4.382812	64865	-0.655273
733255	61086	-4.345703	64642	-0.873047
733485	61136	-4.296875	64421	-1.088867
733715	61197	-4.237305	64200	-1.304688
733945	61269	-4.166992	63977	-1.522461
734175	61352	-4.085938	63752	-1.742188
734405	61446	-3.994141	63526	-1.962891
734635	61551	-3.891602	63300	-2.183594
734865	61667	-3.778320	63077	-2.401367
735095	61794	-3.654297	62859	-2.614258
735325	61932	-3.519531	62650	-2.818359
735555	62080	-3.375000	62452	-3.011719
735785	62238	-3.220703	62267	-3.192383
736015	62405	-3.057617	62097	-3.358398
736245	62580	-2.886719	61941	-3.510742
736475	62762	-2.708984	61800	-3.648438
736705	62951	-2.524414	61674	-3.771484
736935	63146	-2.333984	61561	-3.881836
737165	63346	-2.138672	61461	-3.979492
737395	63551	-1.938477	61373	-4.065430
737625	63760	-1.734375	61296	-4.140625
737855	63972	-1.527344	61230	-4.205078
738085	64187	-1.317383	61174	-4.259766
738315	64405	-1.104492	61128	-4.304688
738545	64625	-0.889648	61091	-4.340820
738775	64847	-0.672852	61063	-4.368164
739005	65070	-0.455078	61044	-4.386719
739235	65294	-0.236328	61034	-4.396484
739465	65518	-0.017578	61033	-4.397461
739695	  206	0.201172	61041	-4.389648
739925	  429	0.418945	61058	-4.373047
740155	  651	0.635742	61084	-4.347656
740385	  871	0.850586	61120	-4.312500
740615	 1089	1.063477	61166	-4.267578
740845	 1305	1.274414	61222	-4.212891
741075	 1518	1.482422	61289	-4.147461
741305	 1727	1.686523	61368	-4.070312
741535	 1932	1.886719	61459	-3.981445
741765	 2132	2.082031	61563	-3.879883
741995	 2327	2.272461	61680	-3.765625
742225	 2515	2.456055	61811	-3.637695
742455	 2697	2.633789	61957	-3.495117
742685	 2871	2.803711	62117	-3.338867
742915	 3037	2.965820	62290	-3.169922
743145	 3194	3.119141	62476	-2.988281
743375	 3341	3.262695	62672	-2.796875
743605	 3478	3.396484	62876	-2.597656
743835	 3605	3.520508	63086	-2.392578
744065	 3721	3.633789	63298	-2.185547
744295	 3827	3.737305	63511	-1.977539
744525	 3922	3.830078	63722	-1.771484
744755	 4007	3.913086	63930	-1.568359
744985	 4081	3.985352	64136	-1.367188
745215	 4145	4.047852	64340	-1.167969
745445	 4199	4.100586	64543	-0.969727
745675	 4243	4.143555	64748	-0.769531
745905	 4277	4.176758	64956	-0.566406
746135	 4300	4.199219	65169	-0.358398
746365	 4312	4.210938	65387	-0.145508
746595	 4313	4.211914	   76	0.074219
746825	 4303	4.202148	  306	0.298828
747055	 4281	4.180664	  540	0.527344
747285	 4248	4.148438	  775	0.756836
747515	 4203	4.104492	 1008	0.984375
747745	 4147	4.049805	 1236	1.207031
747975	 4079	3.983398	 1456	1.421875
748205	 4001	3.907227	 1666	1.626953
748435	 3912	3.820312	 1865	1.821289
748665	 3814	3.724609	 2054	2.005859
748895	 3707	3.620117	 2233	2.180664
749125	 3591	3.506836	 2403	2.346680
749355	 3467	3.385742	 2565	2.504883
749585	 3335	3.256836	 2721	2.657227
749815	 3195	3.120117	 2872	2.804688
750045	 3048	2.976562	 3020	2.949219
750275	 2893	2.825195	 3165	3.090820
750505	 2731	2.666992	 3307	3.229492
750735	 2562	2.501953	 3447	3.366211
750965	 2386	2.330078	 3584	3.500000
751195	 2204	2.152344	 3718	3.630859
751425	 2015	1.967773	 3847	3.756836
751655	 1820	1.777344	 3970	3.876953
751885	 1619	1.581055	 4086	3.990234
752115	 1412	1.378906	 4193	4.094727
752345	 1200	1.171875	 4290	4.189453
752575	  984	0.960938	 4376	4.273438
752805	  764	0.746094	 4449	4.344727
753035	  540	0.527344	 4508	4.402344
753265	  314	0.306641	 4553	4.446289
753495	   86	0.083984	 4583	4.475586
753725	65393	-0.139648	 4598	4.490234
753955	65163	-0.364258	 4598	4.490234
754185	64934	-0.587891	 4584	4.476562
754415	64706	-0.810547	 4555	4.448242
754645	64480	-1.031250	 4512	4.406250
754875	64256	-1.250000	 4456	4.351562
755105	64035	-1.465820	 4387	4.284180
755335	63818	-1.677734	 4307	4.206055
755565	63605	-1.885742	 4217	4.118164
755795	63397	-2.088867	 4117	4.020508
756025	63194	-2.287109	 4010	3.916016
756255	62997	-2.479492	 3896	3.804688
756485	62805	-2.666992	 3776	3.687500
756715	62619	-2.848633	 3652	3.566406
756945	62440	-3.023438	 3524	3.441406
757175	62267	-3.192383	 3392	3.312500
757405	62101	-3.354492	 3256	3.179688
757635	61942	-3.509766	 3116	3.042969
757865	61790	-3.658203	 2972	2.902344
758095	61645	-3.799805	 2822	2.755859
758325	61508	-3.933594	 2665	2.602539
758555	61379	-4.059570	 2500	2.441406
758785	61258	-4.177734	 2326	2.271484
759015	61146	-4.287109	 2141	2.090820
759245	61044	-4.386719	 1944	1.898438
759475	60952	-4.476562	 1735	1.694336
759705	60870	-4.556641	 1515	1.479492
759935	60800	-4.625000	 1285	1.254883
760165	60741	-4.682617	 1047	1.022461
760395	60694	-4.728516	  804	0.785156
760625	60660	-4.761719	  560	0.546875
760855	60638	-4.783203	  318	0.310547
761085	60628	-4.792969	   80	0.078125
761315	60629	-4.791992	65383	-0.149414
761545	60642	-4.779297	65156	-0.371094
761775	60666	-4.755859	64933	-0.588867
762005	60701	-4.721680	64713	-0.803711
762235	60747	-4.676758	64495	-1.016602
762465	60804	-4.621094	64276	-1.230469
762695	60872	-4.554688	64055	-1.446289
762925	60951	-4.477539	63831	-1.665039
763155	61041	-4.389648	63605	-1.885742
763385	61142	-4.291016	63377	-2.108398
763615	61255	-4.180664	63150	-2.330078
763845	61379	-4.059570	62927	-2.547852
764075	61514	-3.927734	62711	-2.758789
764305	61659	-3.786133	62505	-2.959961
764535	61814	-3.634766	62311	-3.149414
764765	61979	-3.473633	62130	-3.326172
764995	62152	-3.304688	61964	-3.488281
765225	62333	-3.127930	61812	-3.636719
765455	62522	-2.943359	61674	-3.771484
765685	62717	-2.752930	61549	-3.893555
765915	62918	-2.556641	61436	-4.003906
766145	63124	-2.355469	61335	-4.102539
766375	63335	-2.149414	61244	-4.191406
766605	63550	-1.939453	61163	-4.270508
766835	63769	-1.725586	61091	-4.340820
767065	63992	-1.507812	61028	-4.402344
767295	64217	-1.288086	60973	-4.456055
767525	64445	-1.065430	60926	-4.501953
767755	64675	-0.840820	60887	-4.540039
767985	64907	-0.614258	60855	-4.571289
768215	65140	-0.386719	60831	-4.594727
768445	65374	-0.158203	60815	-4.610352
768675	   73	0.071289	60806	-4.619141
768905	  308	0.300781	60805	-4.620117
769135	  543	0.530273	60812	-4.613281
769365	  777	0.758789	60828	-4.597656
769595	 1010	0.986328	60852	-4.574219
769825	 1242	1.212891	60885	-4.541992
770055	 1472	1.437500	60927	-4.500977
770285	 1700	1.660156	60979	-4.450195
770515	 1925	1.879883	61041	-4.389648
770745	 2147	2.096680	61114	-4.318359
770975	 2365	2.309570	61198	-4.236328
771205	 2578	2.517578	61294	-4.142578
771435	 2786	2.720703	61403	-4.036133
771665	 2988	2.917969	61526	-3.916016
771895	 3184	3.109375	61663	-3.782227
772125	 3373	3.293945	61815	-3.633789
772355	 3554	3.470703	61982	-3.470703
772585	 3726	3.638672	62164	-3.292969
772815	 3889	3.797852	62361	-3.100586
773045	 4042	3.947266	62570	-2.896484
773275	 4184	4.085938	62790	-2.681641
773505	 4315	4.213867	63017	-2.459961
773735	 4434	4.330078	63249	-2.233398
773965	 4542	4.435547	63482	-2.005859
774195	 4638	4.529297	63715	-1.778320
774425	 4722	4.611328	63946	-1.552734
774655	 4795	4.682617	64175	-1.329102
774885	 4857	4.743164	64403	-1.106445
775115	 4907	4.791992	64632	-0.882812
775345	 4946	4.830078	64863	-0.657227
775575	 4973	4.856445	65099	-0.426758
775805	 4988	4.871094	65341	-0.190430
776035	 4991	4.874023	   53	0.051758
776265	 4982	4.865234	  307	0.299805
776495	 4960	4.843750	  566	0.552734
776725	 4925	4.809570	  826	0.806641
776955	 4877	4.762695	 1084	1.058594
777185	 4816	4.703125	 1336	1.304688
777415	 4743	4.631836	 1580	1.542969
777645	 4658	4.548828	 1814	1.771484
777875	 4561	4.454102	 2037	1.989258
778105	 4454	4.349609	 2250	2.197266
778335	 4336	4.234375	 2454	2.396484
778565	 4208	4.109375	 2651	2.588867
778795	 4071	3.975586	 2843	2.776367
779025	 3924	3.832031	 3031	2.959961
779255	 3768	3.679688	 3217	3.141602
779485	 3603	3.518555	 3401	3.321289
779715	 3429	3.348633	 3582	3.498047
779945	 3246	3.169922	 3760	3.671875
780175	 3054	2.982422	 3934	3.841797
780405	 2853	2.786133	 4101	4.004883
780635	 2644	2.582031	 4260	4.160156
780865	 2427	2.370117	 4408	4.304688
781095	 2203	2.151367	 4544	4.437500
781325	 1973	1.926758	 4665	4.555664
781555	 1737	1.696289	 4770	4.658203
781785	 1496	1.460938	 4859	4.745117
782015	 1252	1.222656	 4930	4.814453
782245	 1004	0.980469	 4983	4.866211
782475	  754	0.736328	 5019	4.901367
782705	  503	0.491211	 5037	4.918945
782935	  251	0.245117	 5037	4.918945
783165	    0	0.000000	 5020	4.902344
783395	65286	-0.244141	 4985	4.868164
783625	65038	-0.486328	 4934	4.818359
783855	64793	-0.725586	 4867	4.752930
784085	64552	-0.960938	 4784	4.671875
784315	64315	-1.192383	 4687	4.577148
784545	64084	-1.417969	 4576	4.468750
784775	63858	-1.638672	 4454	4.349609
785005	63639	-1.852539	 4322	4.220703
785235	63427	-2.059570	 4181	4.083008
785465	63222	-2.259766	 4034	3.939453
785695	63024	-2.453125	 3882	3.791016
785925	62834	-2.638672	 3726	3.638672
786155	62652	-2.816406	 3568	3.484375
786385	62478	-2.986328	 3408	3.328125
786615	62312	-3.148438	 3246	3.169922
786845	62154	-3.302734	 3082	3.009766
787075	62004	-3.449219	 2914	2.845703
787305	61863	-3.586914	 2742	2.677734
787535	61730	-3.716797	 2564	2.503906
787765	61606	-3.837891	 2379	2.323242
787995	61492	-3.949219	 2185	2.133789
788225	61388	-4.050781	 1981	1.934570
788455	61294	-4.142578	 1766	1.724609
788685	61211	-4.223633	 1541	1.504883
788915	61139	-4.293945	 1306	1.275391
789145	61079	-4.352539	 1064	1.039062
789375	61032	-4.398438	  818	0.798828
789605	60997	-4.432617	  572	0.558594
789835	60974	-4.455078	  328	0.320312
790065	60963	-4.465820	   89	0.086914
790295	60964	-4.464844	65393	-0.139648
790525	60976	-4.453125	65167	-0.360352
790755	60999	-4.430664	64946	-0.576172
790985	61033	-4.397461	64729	-0.788086
791215	61078	-4.353516	64514	-0.998047
791445	61134	-4.298828	64299	-1.208008
791675	61200	-4.234375	64083	-1.418945
791905	61277	-4.159180	63865	-1.631836
792135	61365	-4.073242	63645	-1.846680
792365	61464	-3.976562	63424	-2.062500
792595	61574	-3.869141	63204	-2.277344
792825	61695	-3.750977	62987	-2.489258
793055	61827	-3.622070	62777	-2.694336
793285	61969	-3.483398	62576	-2.890625
793515	62121	-3.334961	62387	-3.075195
793745	62282	-3.177734	62211	-3.247070
793975	62451	-3.012695	62050	-3.404297
794205	62628	-2.839844	61903	-3.547852
794435	62812	-2.660156	61771	-3.676758
794665	63002	-2.474609	61653	-3.791992
794895	63198	-2.283203	61548	-3.894531
795125	63399	-2.086914	61456	-3.984375
795355	63604	-1.886719	61376	-4.062500
795585	63813	-1.682617	61307	-4.129883
795815	64025	-1.475586	61248	-4.187500
796045	64239	-1.266602	61199	-4.235352
796275	64456	-1.054688	61160	-4.273438
796505	64674	-0.841797	61130	-4.302734
796735	64894	-0.626953	61109	-4.323242
796965	65114	-0.412109	61097	-4.334961
797195	65335	-0.196289	61094	-4.337891
797425	   20	0.019531	61101	-4.331055
797655	  240	0.234375	61117	-4.315430
797885	  459	0.448242	61142	-4.291016
798115	  677	0.661133	61177	-4.256836
798345	  893	0.872070	61222	-4.212891
798575	 1106	1.080078	61278	-4.158203
798805	 1316	1.285156	61345	-4.092773
799035	 1522	1.486328	61424	-4.015625
799265	 1724	1.683594	61515	-3.926758
799495	 1921	1.875977	61619	-3.825195
799725	 2113	2.063477	61736	-3.710938
799955	 2299	2.245117	61866	-3.583984
800185	 2478	2.419922	62010	-3.443359
800415	 2649	2.586914	62168	-3.289062
800645	 2812	2.746094	62339	-3.122070
800875	 2966	2.896484	62521	-2.944336
801105	 3111	3.038086	62713	-2.756836
801335	 3246	3.169922	62912	-2.562500
801565	 3371	3.291992	63116	-2.363281
801795	 3486	3.404297	63322	-2.162109
802025	 3591	3.506836	63527	-1.961914
802255	 3685	3.598633	63730	-1.763672
802485	 3769	3.680664	63931	-1.567383
802715	 3843	3.752930	64129	-1.374023
802945	 3908	3.816406	64325	-1.182617
803175	 3963	3.870117	64520	-0.992188
803405	 4008	3.914062	64716	-0.800781
803635	 4043	3.948242	64914	-0.607422
803865	 4068	3.972656	65117	-0.409180
804095	 4083	3.987305	65325	-0.206055
804325	 4088	3.992188	    3	0.002930
804555	 4082	3.986328	  223	0.217773
804785	 4065	3.969727	  447	0.436523
805015	 4037	3.942383	  673	0.657227
805245	 3997	3.903320	  899	0.877930
805475	 3946	3.853516	 1121	1.094727
805705	 3884	3.792969	 1336	1.304688
805935	 3812	3.722656	 1542	1.505859
806165	 3730	3.642578	 1738	1.697266
806395	 3638	3.552734	 1923	1.877930
806625	 3537	3.454102	 2097	2.047852
806855	 3428	3.347656	 2261	2.208008
807085	 3311	3.233398	 2417	2.360352
807315	 3186	3.111328	 2565	2.504883
807545	 3054	2.982422	 2707	2.643555
807775	 2915	2.846680	 2844	2.777344
808005	 2769	2.704102	 2977	2.907227
808235	 2617	2.555664	 3107	3.034180
808465	 2459	2.401367	 3234	3.158203
808695	 2294	2.240234	 3359	3.280273
808925	 2123	2.073242	 3481	3.399414
809155	 1946	1.900391	 3600	3.515625
809385	 1763	1.721680	 3715	3.627930
809615	 1575	1.538086	 3826	3.736328
809845	 1381	1.348633	 3931	3.838867
810075	 1182	1.154297	 4029	3.934570
810305	  978	0.955078	 4119	4.022461
810535	  770	0.751953	 4199	4.100586
810765	  558	0.544922	 4269	4.168945
810995	  343	0.334961	 4327	4.225586
811225	  126	0.123047	 4373	4.270508
811455	65443	-0.090820	 4406	4.302734
811685	65222	-0.306641	 4426	4.322266
811915	65001	-0.522461	 4433	4.329102
812145	64780	-0.738281	 4426	4.322266
812375	64559	-0.954102	 4406	4.302734
812605	64340	-1.167969	 4373	4.270508
812835	64123	-1.379883	 4328	4.226562
813065	63908	-1.589844	 4272	4.171875
813295	63696	-1.796875	 4205	4.106445
813525	63488	-2.000000	 4128	4.031250
813755	63284	-2.199219	 4042	3.947266
813985	63084	-2.394531	 3948	3.855469
814215	62889	-2.584961	 3847	3.756836
814445	62699	-2.770508	 3740	3.652344
814675	62515	-2.950195	 3628	3.542969
814905	62337	-3.124023	 3511	3.428711
815135	62165	-3.291992	 3390	3.310547
815365	61999	-3.454102	 3264	3.187500
815595	61839	-3.610352	 3134	3.060547
815825	61686	-3.759766	 2998	2.927734
816055	61540	-3.902344	 2856	2.789062
816285	61401	-4.038086	 2707	2.643555
816515	61269	-4.166992	 2550	2.490234
816745	61146	-4.287109	 2383	2.327148
816975	61031	-4.399414	 2205	2.153320
817205	60925	-4.502930	 2015	1.967773
817435	60829	-4.596680	 1813	1.770508
817665	60743	-4.680664	 1599	1.561523
817895	60668	-4.753906	 1373	1.340820
818125	60605	-4.815430	 1138	1.111328
818355	60554	-4.865234	  897	0.875977
818585	60515	-4.903320	  653	0.637695
818815	60488	-4.929688	  409	0.399414
819045	60473	-4.944336	  168	0.164062
819275	60470	-4.947266	65468	-0.066406
819505	60479	-4.938477	65237	-0.291992
819735	60499	-4.918945	65011	-0.512695
819965	60530	-4.888672	64789	-0.729492
820195	60572	-4.847656	64568	-0.945312
820425	60625	-4.795898	64347	-1.161133
820655	60689	-4.733398	64124	-1.378906
820885	60764	-4.660156	63898	-1.599609
821115	60851	-4.575195	63669	-1.823242
821345	60949	-4.479492	63438	-2.048828
821575	61059	-4.372070	63207	-2.274414
821805	61180	-4.253906	62979	-2.497070
822035	61312	-4.125000	62757	-2.713867
822265	61455	-3.985352	62544	-2.921875
822495	61609	-3.834961	62342	-3.119141
822725	61772	-3.675781	62153	-3.303711
822955	61945	-3.506836	61978	-3.474609
823185	62126	-3.330078	61818	-3.630859
823415	62314	-3.146484	61671	-3.774414
823645	62509	-2.956055	61537	-3.905273
823875	62711	-2.758789	61416	-4.023438
824105	62919	-2.555664	61306	-4.130859
824335	63132	-2.347656	61206	-4.228516
824565	63349	-2.135742	61116	-4.316406
824795	63571	-1.918945	61034	-4.396484
825025	63797	-1.698242	60960	-4.468750
825255	64026	-1.474609	60894	-4.533203
825485	64258	-1.248047	60835	-4.590820
825715	64493	-1.018555	60784	-4.640625
825945	64730	-0.787109	60740	-4.683594
826175	64969	-0.553711	60703	-4.719727
826405	65210	-0.318359	60673	-4.749023
826635	65452	-0.082031	60650	-4.771484
826865	  159	0.155273	60635	-4.786133
827095	  403	0.393555	60627	-4.793945
827325	  647	0.631836	60627	-4.793945
827555	  891	0.870117	60635	-4.786133
827785	 1134	1.107422	60651	-4.770508
828015	 1376	1.343750	60675	-4.747070
828245	 1617	1.579102	60708	-4.714844
828475	 1856	1.812500	60750	-4.673828
828705	 2093	2.043945	60802	-4.623047
828935	 2327	2.272461	60863	-4.563477
829165	 2558	2.498047	60935	-4.493164
829395	 2785	2.719727	61018	-4.412109
829625	 3007	2.936523	61112	-4.320312
829855	 3224	3.148438	61219	-4.215820
830085	 3436	3.355469	61339	-4.098633
830315	 3641	3.555664	61473	-3.967773
830545	 3839	3.749023	61622	-3.822266
830775	 4030	3.935547	61787	-3.661133
831005	 4212	4.113281	61968	-3.484375
831235	 4384	4.281250	62165	-3.291992
831465	 4546	4.439453	62377	-3.084961
831695	 4697	4.586914	62603	-2.864258
831925	 4837	4.723633	62840	-2.632812
832155	 4965	4.848633	63084	-2.394531
832385	 5080	4.960938	63332	-2.152344
832615	 5183	5.061523	63582	-1.908203
832845	 5274	5.150391	63831	-1.665039
833075	 5352	5.226562	64079	-1.422852
833305	 5418	5.291016	64326	-1.181641
833535	 5472	5.343750	64573	-0.940430
833765	 5513	5.383789	64823	-0.696289
833995	 5542	5.412109	65078	-0.447266
834225	 5558	5.427734	65339	-0.192383
834455	 5561	5.430664	   71	0.069336
834685	 5550	5.419922	  345	0.336914
834915	 5525	5.395508	  624	0.609375
835145	 5486	5.357422	  904	0.882812
835375	 5434	5.306641	 1181	1.153320
835605	 5368	5.242188	 1451	1.416992
835835	 5289	5.165039	 1712	1.671875
836065	 5197	5.075195	 1963	1.916992
836295	 5093	4.973633	 2204	2.152344
836525	 4977	4.860352	 2436	2.378906
836755	 4849	4.735352	 2661	2.598633
836985	 4710	4.599609	 2881	2.813477
837215	 4561	4.454102	 3098	3.025391
837445	 4401	4.297852	 3313	3.235352
837675	 4230	4.130859	 3526	3.443359
837905	 4049	3.954102	 3737	3.649414
838135	 3857	3.766602	 3944	3.851562
838365	 3655	3.569336	 4145	4.047852
838595	 3443	3.362305	 4337	4.235352
838825	 3222	3.146484	 4518	4.412109
839055	 2992	2.921875	 4685	4.575195
839285	 2754	2.689453	 4836	4.722656
839515	 2509	2.450195	 4970	4.853516
839745	 2258	2.205078	 5086	4.966797
839975	 2002	1.955078	 5184	5.062500
840205	 1741	1.700195	 5263	5.139648
840435	 1477	1.442383	 5323	5.198242
840665	 1210	1.181641	 5365	5.239258
840895	  941	0.918945	 5389	5.262695
841125	  672	0.656250	 5395	5.268555
841355	  403	0.393555	 5384	5.257812
841585	  135	0.131836	 5355	5.229492
841815	65405	-0.127930	 5309	5.184570
842045	65141	-0.385742	 5246	5.123047
842275	64881	-0.639648	 5166	5.044922
842505	64625	-0.889648	 5070	4.951172
842735	64375	-1.133789	 4958	4.841797
842965	64131	-1.372070	 4831	4.717773
843195	63893	-1.604492	 4690	4.580078
843425	63663	-1.829102	 4537	4.430664
843655	63440	-2.046875	 4374	4.271484
843885	63226	-2.255859	 4203	4.104492
844115	63021	-2.456055	 4026	3.931641
844345	62824	-2.648438	 3845	3.754883
844575	62637	-2.831055	 3662	3.576172
844805	62459	-3.004883	 3477	3.395508
845035	62290	-3.169922	 3292	3.214844
845265	62130	-3.326172	 3106	3.033203
845495	61979	-3.473633	 2918	2.849609
845725	61838	-3.611328	 2726	2.662109
845955	61707	-3.739258	 2529	2.469727
846185	61586	-3.857422	 2325	2.270508
846415	61475	-3.965820	 2113	2.063477
846645	61375	-4.063477	 1891	1.846680
846875	61286	-4.150391	 1659	1.620117
847105	61209	-4.225586	 1417	1.383789
847335	61144	-4.289062	 1168	1.140625
847565	61092	-4.339844	  914	0.892578
847795	61052	-4.378906	  659	0.643555
848025	61025	-4.405273	  406	0.396484
848255	61011	-4.418945	  158	0.154297
848485	61009	-4.420898	65452	-0.082031
848715	61019	-4.411133	65217	-0.311523
848945	61040	-4.390625	64988	-0.535156
849175	61072	-4.359375	64764	-0.753906
849405	61115	-4.317383	64543	-0.969727
849635	61169	-4.264648	64323	-1.184570
849865	61234	-4.201172	64102	-1.400391
850095	61310	-4.126953	63879	-1.618164
850325	61398	-4.041016	63654	-1.837891
850555	61497	-3.944336	63428	-2.058594
850785	61607	-3.836914	63204	-2.277344
851015	61728	-3.718750	62984	-2.492188
851245	61860	-3.589844	62770	-2.701172
851475	62002	-3.451172	62566	-2.900391
851705	62154	-3.302734	62374	-3.087891
851935	62316	-3.144531	62196	-3.261719
852165	62486	-2.978516	62032	-3.421875
852395	62664	-2.804688	61883	-3.567383
852625	62849	-2.624023	61749	-3.698242
852855	63040	-2.437500	61629	-3.815430
853085	63237	-2.245117	61523	-3.918945
853315	63439	-2.047852	61429	-4.010742
853545	63645	-1.846680	61347	-4.090820
853775	63855	-1.641602	61276	-4.160156
854005	64068	-1.433594	61215	-4.219727
854235	64284	-1.222656	61164	-4.269531
854465	64502	-1.009766	61123	-4.309570
854695	64722	-0.794922	61091	-4.340820
854925	64944	-0.578125	61068	-4.363281
855155	65166	-0.361328	61054	-4.376953
855385	65389	-0.143555	61049	-4.381836
855615	   76	0.074219	61053	-4.377930
855845	  299	0.291992	61066	-4.365234
856075	  521	0.508789	61088	-4.343750
856305	  741	0.723633	61120	-4.312500
856535	  959	0.936523	61162	-4.271484
856765	 1175	1.147461	61214	-4.220703
856995	 1388	1.355469	61277	-4.159180
857225	 1598	1.560547	61351	-4.086914
857455	 1804	1.761719	61437	-4.002930
857685	 2005	1.958008	61536	-3.906250
857915	 2201	2.149414	61648	-3.796875
858145	 2391	2.334961	61774	-3.673828
858375	 2575	2.514648	61914	-3.537109
858605	 2751	2.686523	62068	-3.386719
858835	 2919	2.850586	62235	-3.223633
859065	 3079	3.006836	62415	-3.047852
859295	 3229	3.153320	62606	-2.861328
859525	 3370	3.291016	62806	-2.666016
859755	 3500	3.417969	63013	-2.463867
859985	 3620	3.535156	63223	-2.258789
860215	 3729	3.641602	63434	-2.052734
860445	 3828	3.738281	63644	-1.847656
860675	 3917	3.825195	63851	-1.645508
860905	 3995	3.901367	64056	-1.445312
861135	 4063	3.967773	64258	-1.248047
861365	 4121	4.024414	64459	-1.051758
861595	 4169	4.071289	64661	-0.854492
861825	 4207	4.108398	64865	-0.655273
862055	 4235	4.135742	65073	-0.452148
862285	 4252	4.152344	65287	-0.243164
862515	 4258	4.158203	65507	-0.028320
862745	 4253	4.153320	  197	0.192383
862975	 4237	4.137695	  427	0.416992
863205	 4209	4.110352	  660	0.644531
863435	 4170	4.072266	  892	0.871094
863665	 4119	4.022461	 1121	1.094727
863895	 4057	3.961914	 1343	1.311523
864125	 3984	3.890625	 1556	1.519531
864355	 3901	3.809570	 1759	1.717773
864585	 3808	3.718750	 1951	1.905273
864815	 3706	3.619141	 2132	2.082031
865045	 3595	3.510742	 2304	2.250000
865275	 3476	3.394531	 2467	2.409180
865505	 3349	3.270508	 2623	2.561523
865735	 3214	3.138672	 2774	2.708984
865965	 3072	3.000000	 2921	2.852539
866195	 2922	2.853516	 3064	2.992188
866425	 2765	2.700195	 3204	3.128906
866655	 2601	2.540039	 3342	3.263672
866885	 2431	2.374023	 3477	3.395508
867115	 2254	2.201172	 3609	3.524414
867345	 2070	2.021484	 3738	3.650391
867575	 1880	1.835938	 3862	3.771484
867805	 1684	1.644531	 3980	3.886719
868035	 1482	1.447266	 4091	3.995117
868265	 1275	1.245117	 4193	4.094727
868495	 1063	1.038086	 4284	4.183594
868725	  847	0.827148	 4364	4.261719
868955	  627	0.612305	 4431	4.327148
869185	  404	0.394531	 4485	4.379883
869415	  179	0.174805	 4525	4.418945
869645	65488	-0.046875	 4550	4.443359
869875	65260	-0.269531	 4561	4.454102
870105	65032	-0.492188	 4557	4.450195
870335	64805	-0.713867	 4539	4.432617
870565	64579	-0.934570	 4507	4.401367
870795	64355	-1.153320	 4461	4.356445
871025	64134	-1.369141	 4403	4.299805
871255	63916	-1.582031	 4333	4.231445
871485	63702	-1.791016	 4252	4.152344
871715	63492	-1.996094	 4161	4.063477
871945	63287	-2.196289	 4061	3.965820
872175	63087	-2.391602	 3954	3.861328
872405	62892	-2.582031	 3841	3.750977
872635	62703	-2.766602	 3722	3.634766
872865	62520	-2.945312	 3599	3.514648
873095	62343	-3.118164	 3472	3.390625
873325	62173	-3.284180	 3341	3.262695
873555	62009	-3.444336	 3206	3.130859
873785	61852	-3.597656	 3066	2.994141
874015	61702	-3.744141	 2921	2.852539
874245	61560	-3.882812	 2770	2.705078
874475	61425	-4.014648	 2612	2.550781
874705	61298	-4.138672	 2445	2.387695
874935	61180	-4.253906	 2268	2.214844
875165	61071	-4.360352	 2080	2.031250
875395	60972	-4.457031	 1880	1.835938
875625	60883	-4.543945	 1668	1.628906
875855	60805	-4.620117	 1445	1.411133
876085	60738	-4.685547	 1212	1.183594
876315	60683	-4.739258	  972	0.949219
876545	60640	-4.781250	  728	0.710938
876775	60609	-4.811523	  484	0.472656
877005	60590	-4.830078	  242	0.236328
877235	60583	-4.836914	    5	0.004883
877465	60588	-4.832031	65309	-0.221680
877695	60604	-4.816406	65083	-0.442383
877925	60632	-4.789062	64861	-0.659180
878155	60671	-4.750977	64641	-0.874023
878385	60721	-4.702148	64422	-1.087891
878615	60781	-4.643555	64202	-1.302734
878845	60852	-4.574219	63979	-1.520508
879075	60935	-4.493164	63753	-1.741211
879305	61029	-4.401367	63525	-1.963867
879535	61134	-4.298828	63296	-2.187500
879765	61251	-4.184570	63069	-2.409180
879995	61379	-4.059570	62847	-2.625977
880225	61518	-3.923828	62633	-2.834961
880455	61667	-3.778320	62429	-3.034180
880685	61826	-3.623047	62238	-3.220703
880915	61994	-3.458984	62061	-3.393555
881145	62171	-3.286133	61898	-3.552734
881375	62356	-3.105469	61750	-3.697266
881605	62548	-2.917969	61615	-3.829102
881835	62746	-2.724609	61493	-3.948242
882065	62950	-2.525391	61383	-4.055664
882295	63159	-2.321289	61284	-4.152344
882525	63373	-2.112305	61195	-4.239258
882755	63591	-1.899414	61116	-4.316406
882985	63812	-1.683594	61045	-4.385742
883215	64037	-1.463867	60983	-4.446289
883445	64265	-1.241211	60929	-4.499023
883675	64495	-1.016602	60882	-4.544922
883905	64727	-0.790039	60843	-4.583008
884135	64961	-0.561523	60811	-4.614258
884365	65197	-0.331055	60786	-4.638672
884595	65434	-0.099609	60769	-4.655273
884825	  135	0.131836	60760	-4.664062
885055	  372	0.363281	60758	-4.666016
885285	  609	0.594727	60764	-4.660156
885515	  846	0.826172	60778	-4.646484
885745	 1082	1.056641	60801	-4.624023
885975	 1317	1.286133	60833	-4.592773
886205	 1550	1.513672	60874	-4.552734
886435	 1781	1.739258	60925	-4.502930
886665	 2009	1.961914	60986	-4.443359
886895	 2233	2.180664	61057	-4.374023
887125	 2454	2.396484	61139	-4.293945
887355	 2670	2.607422	61233	-4.202148
887585	 2881	2.813477	61340	-4.097656
887815	 3087	3.014648	61460	-3.980469
888045	 3286	3.208984	61594	-3.849609
888275	 3478	3.396484	61743	-3.704102
888505	 3662	3.576172	61908	-3.542969
888735	 3838	3.748047	62088	-3.367188
888965	 4005	3.911133	62283	-3.176758
889195	 4161	4.063477	62492	-2.972656
889425	 4307	4.206055	62713	-2.756836
889655	 4441	4.336914	62942	-2.533203
889885	 4564	4.457031	63177	-2.303711
890115	 4675	4.565430	63415	-2.071289
890345	 4774	4.662109	63653	-1.838867
890575	 4861	4.747070	63889	-1.608398
890805	 4937	4.821289	64123	-1.379883
891035	 5001	4.883789	64356	-1.152344
891265	 5053	4.934570	64589	-0.924805
891495	 5094	4.974609	64825	-0.694336
891725	 5123	5.002930	65065	-0.459961
891955	 5140	5.019531	65311	-0.219727
892185	 5144	5.023438	   28	0.027344
892415	 5136	5.015625	  287	0.280273
892645	 5115	4.995117	  551	0.538086
892875	 5080	4.960938	  816	0.796875
893105	 5032	4.914062	 1079	1.053711
893335	 4971	4.854492	 1337	1.305664
893565	 4898	4.783203	 1587	1.549805
893795	 4812	4.699219	 1826	1.783203
894025	 4715	4.604492	 2055	2.006836
894255	 4607	4.499023	 2274	2.220703
894485	 4488	4.382812	 2485	2.426758
894715	 4359	4.256836	 2689	2.625977
894945	 4220	4.121094	 2888	2.820312
895175	 4071	3.975586	 3084	3.011719
895405	 3912	3.820312	 3277	3.200195
895635	 3744	3.656250	 3468	3.386719
895865	 3566	3.482422	 3657	3.571289
896095	 3379	3.299805	 3843	3.752930
896325	 3183	3.108398	 4023	3.928711
896555	 2978	2.908203	 4196	4.097656
896785	 2764	2.699219	 4359	4.256836
897015	 2542	2.482422	 4510	4.404297
897245	 2313	2.258789	 4648	4.539062
897475	 2078	2.029297	 4770	4.658203
897705	 1837	1.793945	 4875	4.760742
897935	 1591	1.553711	 4963	4.846680
898165	 1341	1.309570	 5033	4.915039
898395	 1088	1.062500	 5085	4.965820
898625	  833	0.813477	 5119	4.999023
898855	  577	0.563477	 5134	5.013672
899085	  321	0.313477	 5132	5.011719
899315	   65	0.063477	 5112	4.992188
899545	65347	-0.184570	 5075	4.956055
899775	65095	-0.430664	 5021	4.903320
900005	64846	-0.673828	 4950	4.833984
900235	64601	-0.913086	 4864	4.750000
900465	64361	-1.147461	 4763	4.651367
900695	64126	-1.376953	 4648	4.539062
900925	63897	-1.600586	 4521	4.415039
901155	63675	-1.817383	 4383	4.280273
901385	63460	-2.027344	 4236	4.136719
901615	63252	-2.230469	 4082	3.986328
901845	63052	-2.425781	 3923	3.831055
902075	62860	-2.613281	 3760	3.671875
902305	62676	-2.792969	 3595	3.510742
902535	62501	-2.963867	 3428	3.347656
902765	62334	-3.126953	 3260	3.183594
902995	62175	-3.282227	 3090	3.017578
903225	62025	-3.428711	 2917	2.848633
903455	61884	-3.566406	 2740	2.675781
903685	61751	-3.696289	 2558	2.498047
903915	61628	-3.816406	 2368	2.312500
904145	61514	-3.927734	 2170	2.119141
904375	61410	-4.029297	 1962	1.916016
904605	61317	-4.120117	 1743	1.702148
904835	61235	-4.200195	 1514	1.478516
905065	61165	-4.268555	 1276	1.246094
905295	61107	-4.325195	 1032	1.007812
905525	61061	-4.370117	  784	0.765625
905755	61028	-4.402344	  536	0.523438
905985	61007	-4.422852	  292	0.285156
906215	60998	-4.431641	   53	0.051758
906445	61001	-4.428711	65357	-0.174805
906675	61015	-4.415039	65131	-0.395508
906905	61040	-4.390625	64910	-0.611328
907135	61076	-4.355469	64693	-0.823242
907365	61123	-4.309570	64478	-1.033203
907595	61181	-4.252930	64263	-1.243164
907825	61249	-4.186523	64046	-1.455078
908055	61328	-4.109375	63827	-1.668945
908285	61418	-4.021484	63606	-1.884766
908515	61519	-3.922852	63385	-2.100586
908745	61631	-3.813477	63165	-2.315430
908975	61754	-3.693359	62949	-2.526367
909205	61888	-3.562500	62740	-2.730469
909435	62032	-3.421875	62541	-2.924805
909665	62185	-3.272461	62355	-3.106445
909895	62347	-3.114258	62182	-3.275391
910125	62518	-2.947266	62024	-3.429688
910355	62696	-2.773438	61881	-3.569336
910585	62881	-2.592773	61752	-3.695312
910815	63072	-2.406250	61637	-3.807617
911045	63268	-2.214844	61535	-3.907227
911275	63469	-2.018555	61446	-3.994141
911505	63674	-1.818359	61368	-4.070312
911735	63883	-1.614258	61301	-4.135742
911965	64095	-1.407227	61245	-4.190430
912195	64309	-1.198242	61199	-4.235352
912425	64525	-0.987305	61163	-4.270508
912655	64743	-0.774414	61136	-4.296875
912885	64962	-0.560547	61118	-4.314453
913115	65182	-0.345703	61109	-4.323242
913345	65402	-0.130859	61109	-4.323242
913575	   86	0.083984	61119	-4.313477
913805	  305	0.297852	61138	-4.294922
914035	  523	0.510742	61167	-4.266602
914265	  739	0.721680	61206	-4.228516
914495	  953	0.930664	61255	-4.180664
914725	 1164	1.136719	61315	-4.122070
914955	 1372	1.339844	61386	-4.052734
915185	 1576	1.539062	61469	-3.971680
915415	 1776	1.734375	61565	-3.877930
915645	 1971	1.924805	61674	-3.771484
915875	 2160	2.109375	61796	-3.652344
916105	 2343	2.288086	61932	-3.519531
916335	 2518	2.458984	62082	-3.373047
916565	 2686	2.623047	62245	-3.213867
916795	 2845	2.778320	62420	-3.042969
917025	 2995	2.924805	62606	-2.861328
917255	 3136	3.062500	62801	-2.670898
917485	 3267	3.190430	63002	-2.474609
917715	 3388	3.308594	63206	-2.275391
917945	 3498	3.416016	63411	-2.075195
918175	 3598	3.513672	63615	-1.875977
918405	 3688	3.601562	63816	-1.679688
918635	 3768	3.679688	64014	-1.486328
918865	 3838	3.748047	64210	-1.294922
919095	 3899	3.807617	64404	-1.105469
919325	 3950	3.857422	64598	-0.916016
919555	 3991	3.897461	64793	-0.725586
919785	 4023	3.928711	64992	-0.531250
920015	 4045	3.950195	65196	-0.332031
920245	 4056	3.960938	65405	-0.127930
920475	 4057	3.961914	   84	0.082031
920705	 4047	3.952148	  305	0.297852
920935	 4026	3.931641	  529	0.516602
921165	 3994	3.900391	  754	0.736328
921395	 3950	3.857422	  978	0.955078
921625	 3895	3.803711	 1197	1.168945
921855	 3830	3.740234	 1408	1.375000
922085	 3754	3.666016	 1610	1.572266
922315	 3668	3.582031	 1801	1.758789
922545	 3573	3.489258	 1981	1.934570
922775	 3469	3.387695	 2151	2.100586
923005	 3357	3.278320	 2311	2.256836
923235	 3238	3.162109	 2463	2.405273
923465	 3111	3.038086	 2608	2.546875
923695	 2977	2.907227	 2747	2.682617
923925	 2836	2.769531	 2881	2.813477
924155	 2689	2.625977	 3012	2.941406
924385	 2535	2.475586	 3140	3.066406
924615	 2375	2.319336	 3265	3.188477
924845	 2209	2.157227	 3388	3.308594
925075	 2037	1.989258	 3508	3.425781
925305	 1859	1.815430	 3625	3.540039
925535	 1675	1.635742	 3738	3.650391
925765	 1486	1.451172	 3846	3.755859
925995	 1291	1.260742	 3948	3.855469
926225	 1091	1.065430	 4043	3.948242
926455	  887	0.866211	 4129	4.032227
926685	  679	0.663086	 4205	4.106445
926915	  467	0.456055	 4271	4.170898
927145	  252	0.246094	 4325	4.223633
927375	   35	0.034180	 4367	4.264648
927605	65352	-0.179688	 4396	4.292969
927835	65132	-0.394531	 4412	4.308594
928065	64912	-0.609375	 4415	4.311523
928295	64692	-0.824219	 4405	4.301758
928525	64473	-1.038086	 4382	4.279297
928755	64255	-1.250977	 4346	4.244141
928985	64039	-1.461914	 4298	4.197266
929215	63826	-1.669922	 4239	4.139648
929445	63616	-1.875000	 4170	4.072266
929675	63410	-2.076172	 4091	3.995117
929905	63208	-2.273438	 4004	3.910156
930135	63010	-2.466797	 3909	3.817383
930365	62817	-2.655273	 3808	3.718750
930595	62629	-2.838867	 3701	3.614258
930825	62447	-3.016602	 3589	3.504883
931055	62271	-3.188477	 3472	3.390625
931285	62101	-3.354492	 3350	3.271484
931515	61937	-3.514648	 3224	3.148438
931745	61779	-3.668945	 3093	3.020508
931975	61628	-3.816406	 2956	2.886719
932205	61484	-3.957031	 2813	2.747070
932435	61347	-4.090820	 2662	2.599609
932665	61218	-4.216797	 2503	2.444336
932895	61097	-4.334961	 2334	2.279297
933125	60985	-4.444336	 2153	2.102539
933355	60882	-4.544922	 1960	1.914062
933585	60789	-4.635742	 1755	1.713867
933815	60706	-4.716797	 1538	1.501953
934045	60634	-4.787109	 1310	1.279297
934275	60574	-4.845703	 1073	1.047852
934505	60526	-4.892578	  831	0.811523
934735	60490	-4.927734	  586	0.572266
934965	60466	-4.951172	  343	0.334961
935195	60454	-4.962891	  103	0.100586
935425	60454	-4.962891	65404	-0.128906
935655	60466	-4.951172	65174	-0.353516
935885	60489	-4.928711	64949	-0.573242
936115	60523	-4.895508	64727	-0.790039
936345	60568	-4.851562	64506	-1.005859
936575	60624	-4.796875	64284	-1.222656
936805	60691	-4.731445	64060	-1.441406
937035	60770	-4.654297	63833	-1.663086
937265	60860	-4.566406	63603	-1.887695
937495	60962	-4.466797	63371	-2.114258
937725	61075	-4.356445	63140	-2.339844
937955	61200	-4.234375	62913	-2.561523
938185	61336	-4.101562	62692	-2.777344
938415	61483	-3.958008	62481	-2.983398
938645	61640	-3.804688	62282	-3.177734
938875	61806	-3.642578	62097	-3.358398
939105	61981	-3.471680	61926	-3.525391
939335	62164	-3.292969	61769	-3.678711
939565	62355	-3.106445	61626	-3.818359
939795	62553	-2.913086	61496	-3.945312
940025	62757	-2.713867	61378	-4.060547
940255	62966	-2.509766	61270	-4.166016
940485	63181	-2.299805	61172	-4.261719
940715	63400	-2.085938	61083	-4.348633
940945	63623	-1.868164	61003	-4.426758
941175	63850	-1.646484	60931	-4.497070
941405	64081	-1.420898	60866	-4.560547
941635	64315	-1.192383	60809	-4.616211
941865	64551	-0.961914	60759	-4.665039
942095	64790	-0.728516	60716	-4.707031
942325	65031	-0.493164	60680	-4.742188
942555	65273	-0.256836	60651	-4.770508
942785	65516	-0.019531	60629	-4.791992
943015	  224	0.218750	60615	-4.805664
943245	  469	0.458008	60608	-4.812500
943475	  714	0.697266	60609	-4.811523
943705	  959	0.936523	60618	-4.802734
943935	 1203	1.174805	60635	-4.786133
944165	 1446	1.412109	60661	-4.760742
944395	 1688	1.648438	60695	-4.727539
944625	 1928	1.882812	60738	-4.685547
944855	 2165	2.114258	60791	-4.633789
945085	 2399	2.342773	60854	-4.572266
945315	 2630	2.568359	60927	-4.500977
945545	 2857	2.790039	61011	-4.418945
945775	 3080	3.007812	61107	-4.325195
946005	 3298	3.220703	61215	-4.219727
946235	 3510	3.427734	61336	-4.101562
946465	 3715	3.627930	61472	-3.968750
946695	 3913	3.821289	61623	-3.821289
946925	 4103	4.006836	61790	-3.658203
947155	 4285	4.184570	61973	-3.479492
947385	 4457	4.352539	62172	-3.285156
947615	 4619	4.510742	62386	-3.076172
947845	 4770	4.658203	62614	-2.853516
948075	 4909	4.793945	62853	-2.620117
948305	 5036	4.917969	63099	-2.379883
948535	 5151	5.030273	63349	-2.135742
948765	 5253	5.129883	63600	-1.890625
948995	 5343	5.217773	63851	-1.645508
949225	 5420	5.292969	64100	-1.402344
949455	 5485	5.356445	64348	-1.160156
949685	 5537	5.407227	64597	-0.916992
949915	 5577	5.446289	64849	-0.670898
950145	 5604	5.472656	65106	-0.419922
950375	 5618	5.486328	65369	-0.163086
950605	 5619	5.487305	  104	0.101562
950835	 5606	5.474609	  381	0.372070
951065	 5580	5.449219	  662	0.646484
951295	 5540	5.410156	  943	0.920898
951525	 5486	5.357422	 1221	1.192383
951755	 5418	5.291016	 1492	1.457031
951985	 5337	5.211914	 1754	1.712891
952215	 5243	5.120117	 2006	1.958984
952445	 5136	5.015625	 2248	2.195312
952675	 5018	4.900391	 2482	2.423828
952905	 4888	4.773438	 2709	2.645508
953135	 4747	4.635742	 2932	2.863281
953365	 4595	4.487305	 3151	3.077148
953595	 4432	4.328125	 3369	3.290039
953825	 4258	4.158203	 3585	3.500977
954055	 4074	3.978516	 3798	3.708984
954285	 3879	3.788086	 4007	3.913086
954515	 3674	3.587891	 4209	4.110352
954745	 3459	3.377930	 4401	4.297852
954975	 3235	3.159180	 4581	4.473633
955205	 3002	2.931641	 4747	4.635742
955435	 2761	2.696289	 4896	4.781250
955665	 2513	2.454102	 5028	4.910156
955895	 2259	2.206055	 5142	5.021484
956125	 2000	1.953125	 5237	5.114258
956355	 1737	1.696289	 5313	5.188477
956585	 1470	1.435547	 5371	5.245117
956815	 1201	1.172852	 5411	5.284180
957045	  930	0.908203	 5433	5.305664
957275	  659	0.643555	 5437	5.309570
957505	  388	0.378906	 5424	5.296875
957735	  118	0.115234	 5393	5.266602
957965	65386	-0.146484	 5345	5.219727
958195	65121	-0.405273	 5280	5.156250
958425	64859	-0.661133	 5198	5.076172
958655	64602	-0.912109	 5100	4.980469
958885	64350	-1.158203	 4986	4.869141
959115	64104	-1.398438	 4857	4.743164
959345	63865	-1.631836	 4714	4.603516
959575	63633	-1.858398	 4558	4.451172
959805	63409	-2.077148	 4392	4.289062
960035	63194	-2.287109	 4218	4.119141
960265	62988	-2.488281	 4037	3.942383
960495	62791	-2.680664	 3852	3.761719
960725	62603	-2.864258	 3665	3.579102
960955	62425	-3.038086	 3477	3.395508
961185	62256	-3.203125	 3288	3.210938
961415	62096	-3.359375	 3098	3.025391
961645	61946	-3.505859	 2906	2.837891
961875	61806	-3.642578	 2711	2.647461
962105	61675	-3.770508	 2511	2.452148
962335	61555	-3.887695	 2304	2.250000
962565	61445	-3.995117	 2088	2.039062
962795	61346	-4.091797	 1863	1.819336
963025	61258	-4.177734	 1628	1.589844
963255	61182	-4.251953	 1383	1.350586
963485	61119	-4.313477	 1131	1.104492
963715	61068	-4.363281	  875	0.854492
963945	61030	-4.400391	  618	0.603516
964175	61005	-4.424805	  364	0.355469
964405	60993	-4.436523	  115	0.112305
964635	60993	-4.436523	65409	-0.124023
964865	61005	-4.424805	65174	-0.353516
965095	61028	-4.402344	64945	-0.577148
965325	61063	-4.368164	64720	-0.796875
965555	61109	-4.323242	64498	-1.013672
965785	61166	-4.267578	64276	-1.230469
966015	61234	-4.201172	64053	-1.448242
966245	61313	-4.124023	63828	-1.667969
966475	61403	-4.036133	63602	-1.888672
966705	61504	-3.937500	63375	-2.110352
966935	61617	-3.827148	63150	-2.330078
967165	61741	-3.706055	62930	-2.544922
967395	61876	-3.574219	62717	-2.752930
967625	62021	-3.432617	62515	-2.950195
967855	62176	-3.281250	62325	-3.135742
968085	62340	-3.121094	62149	-3.307617
968315	62512	-2.953125	61988	-3.464844
968545	62692	-2.777344	61842	-3.607422
968775	62879	-2.594727	61711	-3.735352
969005	63072	-2.406250	61593	-3.850586
969235	63271	-2.211914	61489	-3.952148
969465	63475	-2.012695	61397	-4.041992
969695	63683	-1.809570	61317	-4.120117
969925	63894	-1.603516	61247	-4.188477
970155	64109	-1.393555	61187	-4.247070
970385	64326	-1.181641	61137	-4.295898
970615	64546	-0.966797	61096	-4.335938
970845	64768	-0.750000	61064	-4.367188
971075	64991	-0.532227	61041	-4.389648
971305	65215	-0.313477	61027	-4.403320
971535	65439	-0.094727	61022	-4.408203
971765	  127	0.124023	61026	-4.404297
971995	  351	0.342773	61039	-4.391602
972225	  574	0.560547	61061	-4.370117
972455	  796	0.777344	61093	-4.338867
972685	 1016	0.992188	61134	-4.298828
972915	 1234	1.205078	61186	-4.248047
973145	 1449	1.415039	61249	-4.186523
973375	 1660	1.621094	61323	-4.114258
973605	 1867	1.823242	61409	-4.030273
973835	 2070	2.021484	61507	-3.934570
974065	 2268	2.214844	61619	-3.825195
974295	 2460	2.402344	61744	-3.703125
974525	 2645	2.583008	61884	-3.566406
974755	 2823	2.756836	62038	-3.416016
974985	 2993	2.922852	62206	-3.251953
975215	 3154	3.080078	62387	-3.075195
975445	 3306	3.228516	62579	-2.887695
975675	 3448	3.367188	62781	-2.690430
975905	 3580	3.496094	62989	-2.487305
976135	 3701	3.614258	63201	-2.280273
976365	 3811	3.721680	63415	-2.071289
976595	 3911	3.819336	63628	-1.863281
976825	 4000	3.906250	63839	-1.657227
977055	 4079	3.983398	64047	-1.454102
977285	 4147	4.049805	64253	-1.252930
977515	 4205	4.106445	64458	-1.052734
977745	 4253	4.153320	64663	-0.852539
977975	 4291	4.190430	64871	-0.649414
978205	 4318	4.216797	65083	-0.442383
978435	 4335	4.233398	65300	-0.230469
978665	 4341	4.239258	65523	-0.012695
978895	 4336	4.234375	  216	0.210938
979125	 4319	4.217773	  450	0.439453
979355	 4290	4.189453	  686	0.669922
979585	 4249	4.149414	  921	0.899414
979815	 4197	4.098633	 1152	1.125000
980045	 4133	4.036133	 1376	1.343750
980275	 4058	3.962891	 1591	1.553711
980505	 3973	3.879883	 1796	1.753906
980735	 3878	3.787109	 1990	1.943359
980965	 3774	3.685547	 2173	2.122070
981195	 3661	3.575195	 2347	2.291992
981425	 3539	3.456055	 2513	2.454102
981655	 3409	3.329102	 2672	2.609375
981885	 3271	3.194336	 2826	2.759766
982115	 3126	3.052734	 2976	2.906250
982345	 2974	2.904297	 3123	3.049805
982575	 2814	2.748047	 3268	3.191406
982805	 2647	2.584961	 3410	3.330078
983035	 2473	2.415039	 3550	3.466797
983265	 2292	2.238281	 3687	3.600586
983495	 2105	2.055664	 3819	3.729492
983725	 1911	1.866211	 3946	3.853516
983955	 1711	1.670898	 4066	3.970703
984185	 1505	1.469727	 4177	4.079102
984415	 1294	1.263672	 4278	4.177734
984645	 1078	1.052734	 4368	4.265625
984875	  858	0.837891	 4445	4.340820
985105	  634	0.619141	 4509	4.403320
985335	  407	0.397461	 4559	4.452148
985565	  178	0.173828	 4594	4.486328
985795	65484	-0.050781	 4614	4.505859
986025	65253	-0.276367	 4618	4.509766
986255	65023	-0.500977	 4607	4.499023
986485	64793	-0.725586	 4582	4.474609
986715	64565	-0.948242	 4542	4.435547
986945	64339	-1.168945	 4489	4.383789
987175	64116	-1.386719	 4423	4.319336
987405	63897	-1.600586	 4345	4.243164
987635	63682	-1.810547	 4256	4.156250
987865	63472	-2.015625	 4158	4.060547
988095	63267	-2.215820	 4052	3.957031
988325	63067	-2.411133	 3939	3.846680
988555	62873	-2.600586	 3820	3.730469
988785	62685	-2.784180	 3696	3.609375
989015	62504	-2.960938	 3568	3.484375
989245	62329	-3.131836	 3436	3.355469
989475	62161	-3.295898	 3300	3.222656
989705	62000	-3.453125	 3160	3.085938
989935	61846	-3.603516	 3016	2.945312
990165	61699	-3.747070	 2867	2.799805
990395	61559	-3.883789	 2712	2.648438
990625	61427	-4.012695	 2549	2.489258
990855	61304	-4.132812	 2377	2.321289
991085	61189	-4.245117	 2195	2.143555
991315	61084	-4.347656	 2001	1.954102
991545	60989	-4.440430	 1795	1.752930
991775	60904	-4.523438	 1578	1.541016
992005	60830	-4.595703	 1350	1.318359
992235	60768	-4.656250	 1114	1.087891
992465	60718	-4.705078	  872	0.851562
992695	60680	-4.742188	  628	0.613281
992925	60654	-4.767578	  385	0.375977
993155	60640	-4.781250	  145	0.141602
993385	60638	-4.783203	65447	-0.086914
993615	60648	-4.773438	65218	-0.310547
993845	60669	-4.752930	64994	-0.529297
994075	60701	-4.721680	64774	-0.744141
994305	60744	-4.679688	64556	-0.957031
994535	60798	-4.626953	64338	-1.169922
994765	60863	-4.563477	64118	-1.384766
994995	60939	-4.489258	63895	-1.602539
995225	61026	-4.404297	63670	-1.822266
995455	61124	-4.308594	63443	-2.043945
995685	61233	-4.202148	63216	-2.265625
995915	61354	-4.083984	62992	-2.484375
996145	61486	-3.955078	62774	-2.697266
996375	61628	-3.816406	62565	-2.901367
996605	61781	-3.666992	62367	-3.094727
996835	61943	-3.508789	62182	-3.275391
997065	62114	-3.341797	62012	-3.441406
997295	62293	-3.166992	61856	-3.593750
997525	62479	-2.985352	61714	-3.732422
997755	62672	-2.796875	61586	-3.857422
997985	62871	-2.602539	61470	-3.970703
998215	63076	-2.402344	61366	-4.072266
998445	63286	-2.197266	61273	-4.163086
998675	63500	-1.988281	61190	-4.244141
998905	63718	-1.775391	61116	-4.316406
999135	63939	-1.559570	61051	-4.379883
999365	64163	-1.340820	60995	-4.434570
999595	64390	-1.119141	60947	-4.481445
999825	64619	-0.895508	60907	-4.520508
